Date,momentum,buy_hold
2008-01-31,1.0,1.0
2008-02-01,0.9875250790078937,1.0047829384305798
2008-02-04,0.9926317888182573,1.0013006457922309
2008-02-05,0.983212804852677,0.9819529293496265
2008-02-06,0.9819909983791649,0.9749334123060721
2008-02-07,0.9860362208359652,0.979005251007548
2008-02-08,1.001556598090951,0.9841022075184982
2008-02-11,1.007422063118079,0.9882838781731571
2008-02-12,0.998514826626724,0.9901709144472179
2008-02-13,1.001324729227518,0.9963738406121783
2008-02-14,1.0100817836246005,0.9933674768251233
2008-02-15,1.009083099791194,0.9936338133138551
2008-02-19,1.0269419481418107,1.001049166199874
2008-02-20,1.0321085365524256,1.0062860470337507
2008-02-21,1.0279642793941326,1.0004843431359942
2008-02-22,1.0338382612678545,1.0068446336223411
2008-02-25,1.0345830699777827,1.0137084191702945
2008-02-26,1.0453534591105509,1.0233724938375848
2008-02-27,1.046531178886525,1.0247616262889863
2008-02-28,1.0574903928525705,1.02651365920008
2008-02-29,1.0521082780015614,1.0144027481253386
2008-03-03,1.0599032209299177,1.0168212355499697
2008-03-04,1.0466289872768133,1.0081582556903772
2008-03-05,1.0683747140872253,1.0191702441671722
2008-03-06,1.0623580029198236,1.0075922387647391
2008-03-07,1.0567621953427249,1.0040903380325041
2008-03-10,1.0607695566836157,1.0011546494227141
2008-03-11,1.0779161821032524,1.0224809855618215
2008-03-12,1.079751518411461,1.0235600387562522
2008-03-13,1.081445307366625,1.026240010780628
2008-03-14,1.0736860797617132,1.0164370785294168
2008-03-17,1.0554123468897456,1.0042034666888138
2008-03-18,1.0696913770132643,1.0254010187731306
2008-03-19,1.0359878559629607,1.0028524292895502
2008-03-20,1.023463539656664,1.006062077914061
2008-03-24,1.0316874435283687,1.0166300858234276
2008-03-25,1.0442723948414416,1.0261381267685716
2008-03-26,1.057865259770119,1.029593481521437
2008-03-27,1.0603518601871629,1.026842336184578
2008-03-28,1.049539091894199,1.0203469608132898
2008-03-31,1.0367239837846096,1.01691103866486
2008-04-01,1.0258648456135067,1.0290198097734935
2008-04-02,1.043174875518652,1.0371583840162832
2008-04-03,1.0439739916475705,1.0414411664640788
2008-04-04,1.050508784334455,1.045353983297251
2008-04-07,1.0585835560971746,1.0493679278430428
2008-04-08,1.058177285827517,1.0456908459535166
2008-04-09,1.070274875741751,1.0453758851002783
2008-04-10,1.0661374329030398,1.0458541733026792
2008-04-11,1.0660400719918914,1.0382981119065124
2008-04-14,1.0692109847389917,1.0373916843118278
2008-04-15,1.0757954337714914,1.0420943873589315
2008-04-16,1.0846298407654296,1.0597150558533992
2008-04-17,1.0818724815765923,1.0568074916210022
2008-04-18,1.0799960633000063,1.0623817089946133
2008-04-21,1.0819572301162335,1.0638764112290864
2008-04-22,1.0853666165929685,1.0603737875665131
2008-04-23,1.0805900281815919,1.0617565624550724
2008-04-24,1.066839130772976,1.0565080035218835
2008-04-25,1.0743260794007496,1.0624367968136552
2008-04-28,1.0761820282071428,1.0651429383271043
2008-04-29,1.061407348876509,1.0553465770593964
2008-04-30,1.062440289685372,1.0560498232929294
2008-05-01,1.0409541622712672,1.0583850517207916
2008-05-02,1.0526504633077145,1.0635124465972159
2008-05-05,1.0688050971671055,1.069512954844908
2008-05-06,1.0730694622557306,1.0757647574667681
2008-05-07,1.0787959973032981,1.0657075813750327
2008-05-08,1.0858889401562672,1.0726797853475025
2008-05-09,1.0940096066791092,1.0734687101044706
2008-05-12,1.079569736515441,1.077900665346711
2008-05-13,1.0776499474711092,1.077351291986232
2008-05-14,1.071579190316318,1.075244701540781
2008-05-15,1.0770503078359273,1.0864021317052623
2008-05-16,1.0881453488622308,1.0938651821839698
2008-05-19,1.0888367025093426,1.0946408957331994
2008-05-20,1.100607185526862,1.094500985804586
2008-05-21,1.1221376945158106,1.0932616720621162
2008-05-22,1.109079106736101,1.088207008870845
2008-05-23,1.1175883644579705,1.0856448499745135
2008-05-27,1.099359319339901,1.0828484481370688
2008-05-28,1.1010848218226552,1.0849078891097592
2008-05-29,1.0783882418795236,1.0783018325876736
2008-05-30,1.082753562676969,1.0831041297934292
2008-06-02,1.0841092246183173,1.0799955471221439
2008-06-03,1.069456247114691,1.0727160230624475
2008-06-04,1.061424708913295,1.0695893369168747
2008-06-05,1.0832830783134304,1.0874938311803666
2008-06-06,1.1019815431940359,1.0854554835948136
2008-06-09,1.0957785997714522,1.078358343295105
2008-06-10,1.0817002872128079,1.067442877715983
2008-06-11,1.0961187833206583,1.0671020974729744
2008-06-12,1.0945474638748491,1.0643509970465712
2008-06-13,1.092346721988348,1.069083763846408
2008-06-16,1.095081629252271,1.0742713224625269
2008-06-17,1.097812268675092,1.0733475655713982
2008-06-18,1.1056751417550557,1.0738989873609046
2008-06-19,1.0948259368838733,1.0713236711013006
2008-06-20,1.0950357685380936,1.0640740189945384
2008-06-23,1.0960671167596046,1.060730961563599
2008-06-24,1.0961490479150924,1.0596126964319283
2008-06-25,1.0949063393660408,1.0647051029309291
2008-06-26,1.1098394744146791,1.060181047087864
2008-06-27,1.1151552135321647,1.0624145470641406
2008-06-30,1.1128619082707862,1.0600010482522244
2008-07-01,1.1212021043599838,1.0628611088980326
2008-07-02,1.131023736413715,1.0565922426858945
2008-07-03,1.1263156603157523,1.053933025849645
2008-07-07,1.1190222220441912,1.0476391047211782
2008-07-08,1.101787541565707,1.0546412692007219
2008-07-09,1.103660964707117,1.0418011173238857
2008-07-10,1.1219898805468658,1.0546287999805792
2008-07-11,1.1351819236813596,1.054385466766525
2008-07-14,1.1369242267539026,1.0504033763507095
2008-07-15,1.12239668410316,1.0398552444015654
2008-07-16,1.1093376415590201,1.0490621523004993
2008-07-17,1.0979069295405293,1.047490472731425
2008-07-18,1.0926387155571227,1.0435549752829756
2008-07-21,1.1017649278857158,1.0507373930176827
2008-07-22,1.0859172956518877,1.0497881396243465
2008-07-23,1.0693305771409845,1.0459354435504802
2008-07-24,1.0737568436477687,1.035514680819896
2008-07-25,1.0682793438785485,1.0353438929233634
2008-07-28,1.072193130159312,1.0302224498790944
2008-07-29,1.0613122020989045,1.0390806416194818
2008-07-30,1.070396990193983,1.0456966870889974
2008-07-31,1.0664041468993573,1.0403390550256673
2008-08-01,1.0645278184868172,1.0367132803660541
2008-08-04,1.049495364537251,1.023408499173202
2008-08-05,1.038800640228837,1.0301488013086955
2008-08-06,1.037223419959265,1.032590879213532
2008-08-07,1.0379333956270846,1.0258948095086928
2008-08-08,1.01865573717998,1.0258731325187083
2008-08-11,1.0098288104415374,1.0249772983145264
2008-08-12,1.0052976999018701,1.0200503378363832
2008-08-13,1.0179013437443176,1.0222143762300508
2008-08-14,1.00817708205147,1.0230759369611835
2008-08-15,0.9985790536405164,1.017613861673761
2008-08-18,1.0015421881521982,1.0128886067429936
2008-08-19,1.01179253671962,1.0108834815580487
2008-08-20,1.014268569708155,1.0157611714221786
2008-08-21,1.0366199461534806,1.0230967459002078
2008-08-22,1.0159383580282324,1.019571436477124
2008-08-25,1.0154292455940133,1.0111172144078695
2008-08-26,1.0164222227007667,1.0130697346148159
2008-08-27,1.0226697672592098,1.021286953767883
2008-08-28,1.0164296056960873,1.025523479430119
2008-08-29,1.0135234324310414,1.0185142226000965
2008-09-02,1.002765180377264,1.0067168725780662
2008-09-03,1.0004190343207482,1.0045284268651054
2008-09-04,0.9957300239079481,0.9844883296984881
2008-09-05,0.9917311068978742,0.983746388191529
2008-09-08,0.9917758166666907,0.9915454248158391
2008-09-09,0.9792948712689086,0.9680501747260487
2008-09-10,0.9803180521363303,0.9697830908301507
2008-09-11,0.9756356546768766,0.9682045235173871
2008-09-12,0.9747248566100062,0.9762939902712762
2008-09-15,0.961427808024488,0.9494006645223054
2008-09-16,0.9529672397862388,0.9457290765223662
2008-09-17,0.9656678324827691,0.9356263069709739
2008-09-18,0.9653910165980413,0.9582368462631934
2008-09-19,0.9762041499999496,0.9945385768380568
2008-09-22,0.9926556191668013,0.9843144558771535
2008-09-23,0.9862150058719181,0.9729913465118243
2008-09-24,0.9818451887814589,0.9693880926857016
2008-09-25,0.987961867230634,0.9818702403544795
2008-09-26,0.9844768945081751,0.9762707578745486
2008-09-29,0.9586570445163811,0.9203351068010265
2008-09-30,0.9689500013099859,0.9478646097907529
2008-10-01,0.9701681903044201,0.94414768176551
2008-10-02,0.9865377445869936,0.9077219775712521
2008-10-03,0.9957299476578171,0.8972744679462705
2008-10-06,1.0194542325741198,0.8710232180537693
2008-10-07,1.0492865475265734,0.8505393856473276
2008-10-08,1.0470402853769787,0.8437174396982053
2008-10-09,1.067307729298655,0.8106426885169362
2008-10-10,1.0408883864095224,0.7985963154795791
2008-10-13,0.9659719288569378,0.8553262106783766
2008-10-14,0.98451890998368,0.8374598305273369
2008-10-15,1.034740785315728,0.7868875383161977
2008-10-16,1.0090346981133878,0.8016161907471337
2008-10-17,1.0134490586965643,0.7941373582490338
2008-10-20,0.9970578524682107,0.8184636454133875
2008-10-21,1.0138750756189783,0.7936014289066189
2008-10-22,1.0352327215680754,0.7588888683592644
2008-10-23,1.02346580524758,0.7609788240710329
2008-10-24,1.049605232592126,0.7327327538427912
2008-10-27,1.0550109687513372,0.7150820975186934
2008-10-28,0.9929465667764139,0.7650214559433212
2008-10-29,1.0076432262044417,0.7696493124982449
2008-10-30,0.9614129501137213,0.7834325442023451
2008-10-31,0.9569181408767832,0.7899499306343102
2008-11-03,0.9611294459813692,0.7838805002824726
2008-11-04,0.9456902339440137,0.8172952805375892
2008-11-05,0.9858283193768337,0.7843831270940983
2008-11-06,0.9981924339189887,0.7581844894659538
2008-11-07,0.9718738749946627,0.7735048990996273
2008-11-10,0.9696218186613718,0.7679652397937081
2008-11-11,0.9864712379838473,0.7507988983365806
2008-11-12,1.0091336597961649,0.7246411232965573
2008-11-13,0.9690395326039261,0.762034728616551
2008-11-14,0.9981780109556818,0.7347421525981815
2008-11-17,1.0047395765306808,0.7273804004488128
2008-11-18,1.0085176523471244,0.7234942143800459
2008-11-19,1.035522010269358,0.6948174486983794
2008-11-20,1.0565714780127033,0.6663856457812098
2008-11-21,1.0110673399517067,0.6960194621634362
2008-11-24,0.9914398434085656,0.7297759964824775
2008-11-25,1.0064298625572425,0.7299425145814795
2008-11-26,0.9820929610629975,0.7506532551476681
2008-11-28,0.9855297619784732,0.7433885155831003
2008-12-01,1.0124851270454263,0.6998415397498506
2008-12-02,1.0001814649900087,0.7210426567449545
2008-12-03,0.9997937652777938,0.7287118187433074
2008-12-04,1.013700484540958,0.712824249726498
2008-12-05,0.9890776172560553,0.7230052604526572
2008-12-08,0.9729360222052023,0.7484941206418488
2008-12-09,0.980858544565596,0.7374733529831214
2008-12-10,0.9701291690767315,0.7543236530242796
2008-12-11,0.982960313849122,0.7480152230816032
2008-12-12,0.9799188376070698,0.759634259782407
2008-12-15,0.9872254905145282,0.7526455305014224
2008-12-16,0.979316326791444,0.7841658996370846
2008-12-17,0.9933942382030411,0.784329209012609
2008-12-18,1.003120594030115,0.7697551992421753
2008-12-19,0.9932647251345611,0.7683391490783472
2008-12-22,1.009030580091862,0.7570146404064235
2008-12-23,1.009837140154907,0.7524648837791044
2008-12-24,1.0097597369765268,0.7527249375784623
2008-12-26,1.016978963291065,0.7582531903504075
2008-12-29,1.0194091653366395,0.757903605044845
2008-12-30,1.0095418071222086,0.766906029444112
2008-12-31,1.005676730229944,0.7817541540945439
2009-01-02,0.9744086252766573,0.7927970506119074
2009-01-05,0.9574869902104333,0.7926375674258832
2009-01-06,0.9605822171950177,0.8019890453713208
2009-01-07,0.9855058770841431,0.7784838157119556
2009-01-08,0.9927632013877725,0.7828518392970124
2009-01-09,1.0035950685333985,0.7695022948894193
2009-01-12,1.0140525277354977,0.7499395683059104
2009-01-13,1.0022133560113922,0.7540714448073483
2009-01-14,1.0060268598493989,0.7370343729815593
2009-01-15,1.0177026319346303,0.7402386868477863
2009-01-16,1.0237092905114973,0.7460876340164572
2009-01-20,1.0369443153601048,0.7160675599664066
2009-01-21,1.0051350706215154,0.7382363237148654
2009-01-22,1.0143377851324173,0.7260296221703154
2009-01-23,0.9987182855490029,0.7381645385757041
2009-01-26,0.9987275753296554,0.7409542000957439
2009-01-27,1.0281684009886334,0.7411508950186623
2009-01-28,1.0239823031292392,0.7576672445210845
2009-01-29,1.0283567830267324,0.7389651322186216
2009-01-30,1.0340295379376567,0.733660792843371
2009-02-02,1.039091813254607,0.730198369919974
2009-02-03,1.030344859206438,0.7353719578976536
2009-02-04,1.037008718302546,0.7319599520034638
2009-02-05,1.0316189780995157,0.7380819327910997
2009-02-06,1.038128982193605,0.751028108809845
2009-02-09,1.0368651315153055,0.751522268754897
2009-02-10,1.0596472089113944,0.7312480633292787
2009-02-11,1.075300100132977,0.7349996652867086
2009-02-12,1.0758952299266866,0.7352704804238969
2009-02-13,1.077479451772665,0.7265574250563519
2009-02-17,1.1157635125885745,0.7040004489223161
2009-02-18,1.1237004536371433,0.7008175381605348
2009-02-19,1.097189181910764,0.6995855350851083
2009-02-20,1.1007261425504296,0.7013757200203101
2009-02-23,1.113893609253137,0.6844015415780262
2009-02-24,1.0887428037719862,0.7011545948372365
2009-02-25,1.059255342331428,0.6965701529023133
2009-02-26,1.0408969616660548,0.6928180197181735
2009-02-27,1.0395766586054276,0.6868818672989354
2009-03-02,1.0392303926127697,0.6616650168875702
2009-03-03,1.035819411577923,0.6623110184871208
2009-03-04,1.0323708860018177,0.678616421152391
2009-03-05,1.0417669966790744,0.6644952470764279
2009-03-06,1.040682202663909,0.6684419245930993
2009-03-09,1.0316660567847846,0.662522171755558
2009-03-10,1.0269634494387025,0.6836946326148106
2009-03-11,1.0314018326139691,0.6817792902938031
2009-03-12,1.0383002088900273,0.7047980695717141
2009-03-13,1.040191936721419,0.7043242943714672
2009-03-16,1.0382273389857848,0.7009291467009027
2009-03-17,1.035684913149527,0.7166389231642953
2009-03-18,1.0585930565346489,0.7360546907381216
2009-03-19,1.0617183417875184,0.7354121868177532
2009-03-20,1.0574121206367326,0.7253714782420939
2009-03-23,1.054332193241806,0.7574046285306884
2009-03-24,1.0510270287790684,0.7419957153553188
2009-03-25,1.0508445183285398,0.7459223887179537
2009-03-26,1.0542285011244925,0.7580614273337951
2009-03-27,1.051735328619662,0.7428908036438825
2009-03-30,1.0512817659344422,0.7231293795369619
2009-03-31,1.0528106668172725,0.7325365150147087
2009-04-01,1.058024137752436,0.737732484513993
2009-04-02,1.0301934773607744,0.7591944780789766
2009-04-03,0.9956781270980845,0.7668538436009105
2009-04-06,0.9952171912176384,0.7581662955501035
2009-04-07,1.020810374636516,0.7431633180173941
2009-04-08,1.0176710264199078,0.750901756121962
2009-04-09,0.9802224585218027,0.7718315020295681
2009-04-13,0.9830265343332364,0.7750217467288537
2009-04-14,1.0076180776146522,0.7627899969305025
2009-04-15,0.9847700815774669,0.770823792094956
2009-04-16,0.968805061040823,0.7763317211358793
2009-04-17,0.9614772914676515,0.775035527792653
2009-04-20,0.9961681792563347,0.7499717028536476
2009-04-21,0.9680169533029646,0.761973777384509
2009-04-22,0.9783631679868596,0.7593753151386262
2009-04-23,0.9696847289308661,0.7689660230079559
2009-04-24,0.9561519954144363,0.7813252149966724
2009-04-27,0.9716798000156108,0.7696714595529114
2009-04-28,0.9647424001433967,0.7672818450531489
2009-04-29,0.9535672597421296,0.7820065985025915
2009-04-30,0.9503660796156976,0.7821172456383663
2009-05-01,0.9381656168289848,0.7857129678143424
2009-05-04,0.9332757937949087,0.8082948427410787
2009-05-05,0.9368542875937045,0.8022804611654866
2009-05-06,0.9287815650876968,0.8139123962922944
2009-05-07,0.9253118973925322,0.8032499578776466
2009-05-08,0.91876076229228,0.8212700334489336
2009-05-11,0.9227408161081045,0.8142466863873066
2009-05-12,0.9224908579787683,0.8151026640352977
2009-05-13,0.927329242443479,0.7988973667473992
2009-05-14,0.9266978104928927,0.8058948360703821
2009-05-15,0.9369692147218651,0.7979355486682842
2009-05-18,0.920926568941255,0.8171086920530873
2009-05-19,0.9220620417918497,0.8188613000345097
2009-05-20,0.9175305514654967,0.8230147975053025
2009-05-21,0.919325354863101,0.8169109143306673
2009-05-22,0.9163240135421924,0.8170459681143833
2009-05-26,0.9104990487192873,0.8290812026534725
2009-05-27,0.9029382121733003,0.8214590045936013
2009-05-28,0.8999105555984498,0.8308326037640161
2009-05-29,0.9012340637281038,0.8459455962976828
2009-06-01,0.8981458775977735,0.8608291130219969
2009-06-02,0.8979020449763416,0.8634173508730468
2009-06-03,0.8996320317362035,0.8514142980718149
2009-06-04,0.8925910987577095,0.8619517469313647
2009-06-05,0.8894525305351914,0.8556763588748467
2009-06-08,0.884869889831757,0.8519943363848262
2009-06-09,0.8832191385573337,0.8581061231512249
2009-06-10,0.879435910896236,0.8573142698247351
2009-06-11,0.8784934332137526,0.8619799091287206
2009-06-12,0.876028766539744,0.8603034923925521
2009-06-15,0.8746947000749974,0.843651895189971
2009-06-16,0.8742636539849172,0.8394396240145089
2009-06-17,0.871129752266426,0.8397026617553766
2009-06-18,0.8661420677500318,0.8381472031490376
2009-06-19,0.8753809270748939,0.8411530675661607
2009-06-22,0.8802807691023421,0.8215113537955532
2009-06-23,0.8754743496095692,0.8280696927776039
2009-06-24,0.8809380419498903,0.831400934619104
2009-06-25,0.882238759689122,0.8448788058212194
2009-06-26,0.8868546974398558,0.8448865459632686
2009-06-29,0.8792965026041182,0.8494554905997865
2009-06-30,0.8823375019745111,0.8446089233959984
2009-07-01,0.8844762815566577,0.8488749459382275
2009-07-02,0.8870114441554657,0.8314533114831169
2009-07-06,0.8798474481621263,0.8271361055930512
2009-07-07,0.8814581476604693,0.8146322400267214
2009-07-08,0.8820202547687319,0.8102082545199971
2009-07-09,0.8897877194101784,0.8118296216826124
2009-07-10,0.8898056028381254,0.8100054699370537
2009-07-13,0.8843270751056524,0.8186580800206403
2009-07-14,0.8842334402579807,0.8204348246514293
2009-07-15,0.8896276008055468,0.8390756257282705
2009-07-16,0.8889542088323632,0.8435904825833008
2009-07-17,0.8970514251347805,0.8447164612572351
2009-07-20,0.8984107125034123,0.8571178142737557
2009-07-21,0.9015741086791321,0.8594010949879048
2009-07-22,0.9023944658971184,0.8601639516838784
2009-07-23,0.9003953218773599,0.8724431943706554
2009-07-24,0.8967667649303177,0.874657099345402
2009-07-27,0.8944419655099769,0.8778184768951774
2009-07-28,0.8916612797069249,0.8732981169458958
2009-07-29,0.892435600714776,0.8633093166516347
2009-07-30,0.8894258590849845,0.8783230355660754
2009-07-31,0.8944654898985513,0.8873096874250651
2009-08-03,0.8967529265814085,0.8995574333372722
2009-08-04,0.8939251068754206,0.9028486506635955
2009-08-05,0.8891636019585838,0.9043282268526424
2009-08-06,0.8846279716837337,0.8987571822094892
2009-08-07,0.8922516004640809,0.9027021535373538
2009-08-10,0.8885146589909547,0.8997190538174737
2009-08-11,0.8901735668892469,0.8918860299040174
2009-08-12,0.8908545995313527,0.8972028657400266
2009-08-13,0.8950982220427217,0.905390233478984
2009-08-14,0.9016687001629271,0.8940624714834134
2009-08-17,0.8899123070906892,0.8773595360851221
2009-08-18,0.8877794540592331,0.887373475931522
2009-08-19,0.881970618453942,0.894021405234453
2009-08-20,0.8914025682895534,0.9002178137607382
2009-08-21,0.8945657334674605,0.9098640491989943
2009-08-24,0.8953813765853349,0.9097481945613775
2009-08-25,0.9052582156523923,0.9091693767935137
2009-08-26,0.9065029194313905,0.9088953293417592
2009-08-27,0.9014018865805772,0.9121677969437035
2009-08-28,0.9020362341811202,0.9124167343361077
2009-08-31,0.9085011376956135,0.9026750539072297
2009-09-01,0.8904420674247454,0.8888458972441908
2009-09-02,0.8887300751304371,0.8901022523118756
2009-09-03,0.8968429502945718,0.895696997878314
2009-09-04,0.9075288347554801,0.9015849616883889
2009-09-08,0.9205485444758215,0.9141614110970331
2009-09-09,0.9280373418153585,0.9197518379132564
2009-09-10,0.9354486355761803,0.927565588216686
2009-09-11,0.9349709137517532,0.9252566276801649
2009-09-14,0.9400302018288712,0.9266105859489788
2009-09-15,0.9454333300503526,0.9342739401703977
2009-09-16,0.9617264299098873,0.9475846265577663
2009-09-17,0.9588754190467952,0.9466608495759539
2009-09-18,0.9600473985540765,0.9443177282279849
2009-09-21,0.9546524204616473,0.9372185130116629
2009-09-22,0.9649883589171534,0.9481411475098158
2009-09-23,0.9545447753165452,0.936492188017518
2009-09-24,0.9417949455476916,0.9243365932613901
2009-09-25,0.9402273759623015,0.9226721573763385
2009-09-28,0.9538056511956496,0.9333865768345162
2009-09-29,0.9496574057473424,0.9301455744154291
2009-09-30,0.9497074133215709,0.9365409883122993
2009-10-01,0.9285512449545078,0.9219280576352816
2009-10-02,0.9274954699605581,0.9179484664793615
2009-10-05,0.9368888273127443,0.930120629793677
2009-10-06,0.9425069086229517,0.9377173944745748
2009-10-07,0.94739072525747,0.9381999473790842
2009-10-08,0.9499562477360948,0.9465308222696025
2009-10-09,0.9484905620194188,0.9474270020352316
2009-10-12,0.9468788212689375,0.9528410735250407
2009-10-13,0.9408885955901576,0.9544413160387817
2009-10-14,0.9550507585759431,0.965604966304999
2009-10-15,0.9435882867714012,0.9672123290168874
2009-10-16,0.9294333403592052,0.9631216950638603
2009-10-19,0.9384143562520345,0.973002764378638
2009-10-20,0.9349079114363893,0.9677201183299026
2009-10-21,0.9253692851422621,0.9677966076812833
2009-10-22,0.931636352247079,0.9738800454396125
2009-10-23,0.9290198513178479,0.965826386374433
2009-10-26,0.9283112793470004,0.9559292220285095
2009-10-27,0.9160697004866913,0.9524162353488688
2009-10-28,0.9022255132144795,0.9334262202983765
2009-10-29,0.9134754586051931,0.9525181936504457
2009-10-30,0.9039174256996868,0.9352845168929954
2009-11-02,0.9094225060724473,0.9413763425205421
2009-11-03,0.9124580286429141,0.946812535901568
2009-11-04,0.9151910726185741,0.9488969482863379
2009-11-05,0.9277731747222606,0.9577538056162586
2009-11-06,0.9256538168363666,0.9548980208422783
2009-11-09,0.9471031787460118,0.9721375829400201
2009-11-10,0.944840069958679,0.970216861917733
2009-11-11,0.9500497411851482,0.9761900600555794
2009-11-12,0.9409208641764756,0.96449120106924
2009-11-13,0.9493901045224774,0.9709172674765155
2009-11-16,0.960151933123279,0.9867787950851032
2009-11-17,0.955942711765582,0.9861690111503316
2009-11-18,0.956642230278438,0.9865488595634588
2009-11-19,0.9441078219436104,0.975195628352703
2009-11-20,0.940440428570747,0.9724042673517266
2009-11-23,0.9517508707411594,0.9812698922563159
2009-11-24,0.9456702070172951,0.9775732774520807
2009-11-25,0.9502238817130282,0.9869027287089529
2009-11-27,0.9304477059418219,0.9707426018238199
2009-11-30,0.938406164711949,0.9787744965867485
2009-12-01,0.9529805141955199,0.9888801116628301
2009-12-02,0.957205017624016,0.9901425987504129
2009-12-03,0.9544917904699256,0.985269871620157
2009-12-04,0.9629255158720332,0.9836528296500946
2009-12-07,0.9560287050001121,0.9782654840203049
2009-12-08,0.9469679641197833,0.9697442964100317
2009-12-09,0.9497810278014297,0.9670521542507727
2009-12-10,0.9525741746344355,0.966847847215259
2009-12-11,0.9563067469685276,0.9665385569961034
2009-12-14,0.9639100299450727,0.973586866553171
2009-12-15,0.9587282883104317,0.9693056039238099
2009-12-16,0.9629024021843015,0.9760531568904978
2009-12-17,0.9484124079975138,0.9645376302625104
2009-12-18,0.9546533105520245,0.9692028551310926
2009-12-21,0.9617629078668433,0.9679732613238917
2009-12-22,0.9686098379008361,0.9711573228353968
2009-12-23,0.9751142943442851,0.979546696579876
2009-12-24,0.9822858001889738,0.9848517441765031
2009-12-28,0.9859221821713244,0.9886403150017569
2009-12-29,0.9816188431555267,0.9865224421745146
2009-12-30,0.9819493498526598,0.9871860049901598
2009-12-31,0.977847322583016,0.9827875860751841
2010-01-04,0.9891533343279221,0.9978967456396092
2010-01-05,0.9902302113577951,0.9996741170705532
2010-01-06,0.9893090566486119,1.002843148457619
2010-01-07,0.9912412713935103,1.001545071096813
2010-01-08,0.9938301174319213,1.0052136186595912
2010-01-11,0.9928888549417398,1.0061012840015964
2010-01-12,0.983108962053363,0.9960086196569468
2010-01-13,0.9912160515317228,0.9999539539613714
2010-01-14,0.9909643956785403,1.0010807452979718
2010-01-15,0.9828419233058775,0.9923413305670047
2010-01-19,0.9956872567073698,1.001216408119609
2010-01-20,0.9846684162731761,0.9875673586523154
2010-01-21,0.9701334615778937,0.9753111074734546
2010-01-22,0.954445484780299,0.9626192072171234
2010-01-25,0.9576451597305318,0.9665451021052119
2010-01-26,0.951212771709107,0.9613722925630563
2010-01-27,0.9553910107244478,0.9599179876055601
2010-01-28,0.9454744348213077,0.9530278680395953
2010-01-29,0.9378698805255306,0.9460211122201314
2010-02-01,0.9500766732586908,0.9587793594179075
2010-02-02,0.9584427805305479,0.9686039071906617
2010-02-03,0.9546914699221113,0.9640086786527622
2010-02-04,0.9292612429055853,0.9388648280282376
2010-02-05,0.9315771936281316,0.9379044432808552
2010-02-08,0.9218456030491277,0.9315839520488921
2010-02-09,0.9333559421502128,0.9429042708335803
2010-02-10,0.9316655888084311,0.9416480656435676
2010-02-11,0.9413605859752812,0.950300314644771
2010-02-12,0.939705871309003,0.9485001194430422
2010-02-16,0.9541117002643807,0.9657098271539203
2010-02-17,0.9574467565228483,0.9661295804391968
2010-02-18,0.962326353625504,0.9716269629023957
2010-02-19,0.9597293848930487,0.971575166687413
2010-02-22,0.9606255507569668,0.9712440855713034
2010-02-23,0.950862135420118,0.9622068018516883
2010-02-24,0.9568244434589361,0.9680603587084531
2010-02-25,0.9552340416898977,0.9653087800722588
2010-02-26,0.9581464247574742,0.9708776645855521
2010-03-01,0.9701620849002054,0.9753170904930193
2010-03-02,0.972906308119732,0.9810844833615306
2010-03-03,0.9721272827598348,0.9853315710380486
2010-03-04,0.9750959466271277,0.9837258297024241
2010-03-05,0.9889098659833048,0.9944311146702763
2010-03-08,0.9916395345146851,0.9947888802875339
2010-03-09,0.9954197653801279,0.9948100688997891
2010-03-10,0.999360412575176,0.9978797740941409
2010-03-11,1.000881948720372,0.9997362049261089
2010-03-12,0.9997416035954235,0.9995382994719826
2010-03-15,0.998814515058773,0.9953290195306589
2010-03-16,1.005958994448816,1.0069006569661014
2010-03-17,1.0123095055256288,1.0115382138119275
2010-03-18,1.0132168154550065,1.0085206533494646
2010-03-19,1.0077909310202187,0.9997099511092583
2010-03-22,1.0140080052657359,1.0041714661995869
2010-03-23,1.019458070383154,1.0068723193482214
2010-03-24,1.0184084789135466,0.9963062212967827
2010-03-25,1.017793829232803,0.9943920046038971
2010-03-26,1.01518504504383,0.9977834549260524
2010-03-29,1.0194820805157077,1.0056154055261928
2010-03-30,1.0223842707126913,1.0057224787583499
2010-03-31,1.0168360014280229,1.0063217908901299
2010-04-01,1.0221928483976217,1.016031262782726
2010-04-05,1.034875330988403,1.0219652255943845
2010-04-06,1.0423873415628846,1.0246754155289781
2010-04-07,1.0370509769755334,1.0218024349968609
2010-04-08,1.0381188985397793,1.021875227021353
2010-04-09,1.0409852481072919,1.0275031559967713
2010-04-12,1.0371451599634671,1.027341145017648
2010-04-13,1.0421638621578537,1.0300601311602215
2010-04-14,1.0494691818580306,1.0387694882808935
2010-04-15,1.0470016221793412,1.0376479728569648
2010-04-16,1.0347988325001287,1.023763882151465
2010-04-19,1.0343601341239395,1.0206474906699183
2010-04-20,1.0436622579197228,1.0268270115531906
2010-04-21,1.0498299523867576,1.0298260730612605
2010-04-22,1.0583063137748219,1.0309370558862103
2010-04-23,1.063044051592659,1.0375644104303499
2010-04-26,1.06328220757678,1.035624790778319
2010-04-27,1.047004435975243,1.0199847931651018
2010-04-28,1.049117493793321,1.0226400164201837
2010-04-29,1.0657655018974082,1.0361280787034381
2010-04-30,1.0469010420218563,1.0298747818191472
2010-05-03,1.060260488313404,1.037122572822049
2010-05-04,1.0359975667870722,1.0151312952659488
2010-05-05,1.0265736879661767,1.0036543706088077
2010-05-06,0.9992804087826175,0.9827351413559914
2010-05-07,0.9878585260842738,0.9751156370450861
2010-05-10,1.030393578718874,1.004655044863259
2010-05-11,1.0283515365740872,1.0029062083865663
2010-05-12,1.042423447150489,1.0115536611214184
2010-05-13,1.0336663101394334,1.0031914518109113
2010-05-14,1.0173827890194802,0.9875396949455058
2010-05-17,1.016925864708535,0.9823770611663676
2010-05-18,1.002790719960697,0.9729195506877437
2010-05-19,0.9961506028351366,0.9682604519689606
2010-05-20,0.9637662393786746,0.9453655085994325
2010-05-21,0.9790468401784933,0.9556340112237631
2010-05-24,0.9708359176707176,0.9491917772832502
2010-05-25,0.9708999059551855,0.9474368403786394
2010-05-26,0.9686614183879254,0.9473317856510524
2010-05-27,1.001790316425647,0.9739211428006659
2010-05-28,0.9929881630716355,0.9668050624472345
2010-06-01,0.9842465190871853,0.9561278321453718
2010-06-02,0.9968436603677234,0.9700169425071522
2010-06-03,0.9976438777904617,0.970712651906009
2010-06-04,0.9752395772759054,0.9476796476028334
2010-06-07,0.9701581786529944,0.9428522035538314
2010-06-08,0.9720478593811916,0.9489607938378147
2010-06-09,0.9709689199216148,0.9498218886702139
2010-06-10,0.9865560231201048,0.9666965281788409
2010-06-11,0.9938506617444302,0.9705225394416809
2010-06-14,0.9963797420132893,0.9730196322562108
2010-06-15,1.0112408967980167,0.9892529952279802
2010-06-16,1.008890135864065,0.988844638926239
2010-06-17,1.0122424199999862,0.9913166215643996
2010-06-18,1.0133359590701463,0.9921589507147361
2010-06-21,1.0052063167113707,0.989087349667731
2010-06-22,0.9968206892598146,0.9816564129129705
2010-06-23,0.9950054343776188,0.9792454050657297
2010-06-24,0.9864978115234115,0.9717069227056758
2010-06-25,0.9959774075574717,0.9824181860346601
2010-06-28,0.9899986124231284,0.9771962057244465
2010-06-29,0.971465087087729,0.9567929933194433
2010-06-30,0.9658247892050618,0.9530144756837586
2010-07-01,0.9591706720057319,0.94852145855306
2010-07-02,0.9572637191289797,0.9457547650348763
2010-07-06,0.9523063175264945,0.946883534434914
2010-07-07,0.9615780934931859,0.9657681351672985
2010-07-08,0.9618163831179257,0.9715286194564912
2010-07-09,0.9650314426254226,0.9765023445399877
2010-07-12,0.9646901470570055,0.9724453217814738
2010-07-13,0.9691160697343201,0.9851112938415001
2010-07-14,0.9696415196453223,0.9856166535487487
2010-07-15,0.9703385490901415,0.9871271134341778
2010-07-16,0.9641567747474681,0.9705970875028099
2010-07-19,0.9642617621679035,0.9739002513973024
2010-07-20,0.9688533180049096,0.9824006440147807
2010-07-21,0.9663296620684664,0.9738854119850803
2010-07-22,0.9727394577709939,0.9925195390021014
2010-07-23,0.9732884445396115,0.9968931287622224
2010-07-26,0.9769541533451414,1.0031231138240513
2010-07-27,0.9727788802812186,0.9986340199484273
2010-07-28,0.9742626704017093,0.9959255804965215
2010-07-29,0.9739357269142662,0.9983955681958977
2010-07-30,0.9781100626506346,1.0022699776943518
2010-08-02,0.982494871437879,1.0182924078146358
2010-08-03,0.9834916652104777,1.0188908768134712
2010-08-04,0.983879527796179,1.0213669336785156
2010-08-05,0.9832643782366598,1.0191678840097573
2010-08-06,0.9860855911291284,1.0185462995204246
2010-08-09,0.9876847787643651,1.0221699434641112
2010-08-10,0.9874843585094566,1.0157434600807644
2010-08-11,0.9837165754753999,0.9946551657286827
2010-08-12,0.9827812556679718,0.9895865790937445
2010-08-13,0.9837742709249205,0.9879420054091808
2010-08-16,0.9885250817682315,0.9920746445693737
2010-08-17,0.9911697384457937,0.9999855930993874
2010-08-18,0.9918627589839704,0.9999865471616857
2010-08-19,0.9891360891758495,0.9903461178541489
2010-08-20,0.9877648219030537,0.9867427224441999
2010-08-23,0.9872646298103758,0.9816440276511832
2010-08-24,0.9891103334138202,0.9749621039027513
2010-08-25,0.9923450834740132,0.9797684534494335
2010-08-26,0.9917543793959964,0.9793520981849828
2010-08-27,0.9910308001074459,0.9892833617185515
2010-08-30,0.9917464251041949,0.9822242555355988
2010-08-31,0.9963991561622977,0.9812321101424324
2010-09-01,0.9987830051703127,0.9994426241730722
2010-09-02,1.0008903248093415,1.0049075081761327
2010-09-03,1.0002563341692918,1.0099324016095996
2010-09-07,1.0017103987514402,1.0043835304351412
2010-09-08,1.000995452768641,1.0083634704191826
2010-09-09,0.9957462252606489,1.006671530003763
2010-09-10,0.9963058415312545,1.0113531609388762
2010-09-13,0.9999412645863215,1.0227715481199016
2010-09-14,1.0045760875425667,1.0259402884778057
2010-09-15,1.0049420298253158,1.0262769602812993
2010-09-16,1.0038120208734618,1.023421721060371
2010-09-17,1.005175470024739,1.0231509754284929
2010-09-20,1.0103467106442283,1.0353124486467855
2010-09-21,1.01217162350626,1.0350907137985632
2010-09-22,1.010772996765208,1.0342241695757814
2010-09-23,1.007322245532445,1.029464609936547
2010-09-24,1.0114025898505206,1.0443902912518084
2010-09-27,1.0119769855059841,1.0422600804535247
2010-09-28,1.0149281968690096,1.0467737646804818
2010-09-29,1.0131618751502731,1.0488831745110339
2010-09-30,1.013798278301297,1.0506892463834756
2010-10-01,1.018456222465996,1.0571192446982696
2010-10-04,1.0168666341653034,1.053183577170189
2010-10-05,1.0302489504345926,1.0698579579854033
2010-10-06,1.029206862253334,1.0726299995978767
2010-10-07,1.0266949583996319,1.0679088499007217
2010-10-08,1.0321041916221718,1.0773300227888647
2010-10-11,1.0326578684217511,1.075803303930033
2010-10-12,1.0342643566862029,1.07700066590217
2010-10-13,1.0437695364155581,1.0864632484969985
2010-10-14,1.0434606634571668,1.0858379130748126
2010-10-15,1.0455521191741153,1.0822442329146955
2010-10-18,1.0448458377062426,1.0872156289930401
2010-10-19,1.0325682754965497,1.0695236386131621
2010-10-20,1.0420504033516225,1.082661890879579
2010-10-21,1.039480261089635,1.0772295723223668
2010-10-22,1.04131720397018,1.0813784233949393
2010-10-25,1.0461097903701502,1.086019670620076
2010-10-26,1.0454124184931466,1.0836639104265027
2010-10-27,1.0391298005510978,1.0769356338410094
2010-10-28,1.0419631835825145,1.0808200258527179
2010-10-29,1.0441104288042071,1.0821432983877082
2010-11-01,1.0409362048221202,1.0842612932178561
2010-11-02,1.0429512985751157,1.0943361590016754
2010-11-03,1.0393839103506455,1.0977101583071007
2010-11-04,1.0502599572906683,1.1172875572458196
2010-11-05,1.0508839143291935,1.117420717565623
2010-11-08,1.0523643880854519,1.1163175254847943
2010-11-09,1.043506413474227,1.1029942806735533
2010-11-10,1.0418072642077747,1.1111212527791887
2010-11-11,1.0396036407740292,1.1055796483468963
2010-11-12,1.0365793407549584,1.087338184361723
2010-11-15,1.0318506203748163,1.0815234165046503
2010-11-16,1.0253805022399618,1.0654139122357704
2010-11-17,1.0338245738809435,1.064796217310393
2010-11-18,1.0377953014712327,1.0792813782873052
2010-11-19,1.0415070403918638,1.079559426576802
2010-11-22,1.0461327725767162,1.0810857670279639
2010-11-23,1.038301469413471,1.070913605660906
2010-11-24,1.0392931214188812,1.082218446481185
2010-11-26,1.0325475875287073,1.0761260628891671
2010-11-29,1.0272900700753478,1.078151700555292
2010-11-30,1.0317120643723894,1.0718206827411745
2010-12-01,1.0423414008866696,1.0867442724986096
2010-12-02,1.049962618578395,1.0959157735604903
2010-12-03,1.0483664960809334,1.103194052371158
2010-12-06,1.051439124652581,1.1043230579779222
2010-12-07,1.0533182058998931,1.0984223610278174
2010-12-08,1.050185441452636,1.095231179357151
2010-12-09,1.0489142205034103,1.095172444991269
2010-12-10,1.0554227979503488,1.0964099027326564
2010-12-13,1.0515748242216365,1.1012870535263157
2010-12-14,1.0504969675975577,1.0984491136775476
2010-12-15,1.0479128992612867,1.0914390863023011
2010-12-16,1.0515653681094117,1.0943465453776828
2010-12-17,1.0552543345099963,1.0977952258969892
2010-12-20,1.058918246634997,1.1005685566681087
2010-12-21,1.0675345538779681,1.1069468313021489
2010-12-22,1.069316753578969,1.1089219244895188
2010-12-23,1.0673336647840028,1.108447629660734
2010-12-27,1.0678925187753028,1.1094430125816304
2010-12-28,1.0689345423413108,1.109923999479013
2010-12-29,1.0704309193392165,1.115550785774481
2010-12-30,1.0692595186899578,1.1123758559092072
2010-12-31,1.0666173578441798,1.118885946849806
2011-01-03,1.074708314108748,1.125161933270448
2011-01-04,1.0640125405656542,1.1172098241607629
2011-01-05,1.068022563046295,1.1180330709950717
2011-01-06,1.0660030729424297,1.1119104794789798
2011-01-07,1.0643576601966052,1.1101020183229515
2011-01-10,1.0668114961206492,1.1132111541991228
2011-01-11,1.0685988886217168,1.1182086984303024
2011-01-12,1.0731377089101013,1.1261689745239944
2011-01-13,1.0717166524632205,1.1266391516671443
2011-01-14,1.0738861134092035,1.1291898912723668
2011-01-18,1.0773677156254045,1.1306868031756392
2011-01-19,1.0685393630301678,1.1247385413829725
2011-01-20,1.0613401827691669,1.114720097758803
2011-01-21,1.059161279425517,1.1156897982933083
2011-01-24,1.0630665110892565,1.1176757783537905
2011-01-25,1.0652172200543357,1.1168335193739944
2011-01-26,1.0712147133482182,1.1234199231234538
2011-01-27,1.0709107790616035,1.1212585276555536
2011-01-28,1.0620881771062594,1.1160953570789998
2011-01-31,1.0659067886018903,1.1238174526956335
2011-02-01,1.0759536841144979,1.1337065730365314
2011-02-02,1.076815111993901,1.1324780973718827
2011-02-03,1.0770615085316926,1.1313795406251985
2011-02-04,1.0756926757862444,1.1273004080520161
2011-02-07,1.0800298167147988,1.128687541434283
2011-02-08,1.084351993481128,1.1315217702378397
2011-02-09,1.0845599154626566,1.1307284867344272
2011-02-10,1.085103542891684,1.1274579599888468
2011-02-11,1.0890669018127623,1.1304067083217904
2011-02-14,1.0913979469879238,1.1311613848491608
2011-02-15,1.086950674279032,1.128724268657763
2011-02-16,1.0916692342608394,1.133840776177588
2011-02-17,1.0938026581562492,1.1386373567931738
2011-02-18,1.0941279775644344,1.1418445260249288
2011-02-22,1.0816686274825278,1.1363300629795954
2011-02-23,1.0795681711535947,1.1393694575170215
2011-02-24,1.0790694321157541,1.137880773008436
2011-02-25,1.0935977076548962,1.1504924263615122
2011-02-28,1.0985274531839806,1.1539824723311995
2011-03-01,1.0893151967971766,1.1509899701723822
2011-03-02,1.0903635681046153,1.1546670463910655
2011-03-03,1.101151629681769,1.1618933581753832
2011-03-04,1.0986197015232135,1.1643773243363562
2011-03-07,1.0907574510208664,1.157626141304143
2011-03-08,1.0953787841079072,1.1609226757263107
2011-03-09,1.0941724785520714,1.1610588958838042
2011-03-10,1.0801737200408066,1.1464811436592788
2011-03-11,1.082906170553387,1.1483508916855611
2011-03-14,1.0804466441777585,1.1475422625605138
2011-03-15,1.0676521617408299,1.132584641313297
2011-03-16,1.0599418692792828,1.1247192767211092
2011-03-17,1.0693716063355077,1.137546752544935
2011-03-18,1.0741601104696996,1.1438488792003352
2011-03-21,1.0850872467623907,1.1542240460891728
2011-03-22,1.0834320238195032,1.1546681852297933
2011-03-23,1.0840289205866966,1.1567772558693588
2011-03-24,1.0902231269711669,1.1616664970346
2011-03-25,1.0938292043436597,1.1614589024139321
2011-03-28,1.0897776302808815,1.1570125134174785
2011-03-29,1.0953616472289944,1.1615816741690883
2011-03-30,1.1007271157669993,1.1678938034370339
2011-03-31,1.1061130089060014,1.1732445339773647
2011-04-01,1.1088535478885808,1.1791606313776128
2011-04-04,1.1102536927346804,1.1821895215273222
2011-04-05,1.1113142606821156,1.1828170932228048
2011-04-06,1.112527757254675,1.1852069188989525
2011-04-07,1.1095757666428334,1.184302674089651
2011-04-08,1.1097808327276106,1.1889164677715323
2011-04-11,1.103609371449915,1.1806459628151007
2011-04-12,1.095410844205766,1.1717131914460128
2011-04-13,1.0985687812323264,1.1758573067150386
2011-04-14,1.1022256106121155,1.1803372367540548
2011-04-15,1.107060563155744,1.185972961926579
2011-04-18,1.0993936444716117,1.1751561842892657
2011-04-19,1.1021985130973515,1.180366448156367
2011-04-20,1.1157914054163174,1.1960306367245421
2011-04-21,1.121608691004438,1.201797303159669
2011-04-25,1.122271894641832,1.2020933817325565
2011-04-26,1.127111108975326,1.207787652098633
2011-04-27,1.1317171564781343,1.2148499712630405
2011-04-28,1.1330969107937539,1.21675473184683
2011-04-29,1.1347640659317444,1.2206386959300686
2011-05-02,1.1269281820153045,1.2177247463601784
2011-05-03,1.1179467945045642,1.2095607067856344
2011-05-04,1.1058410501542977,1.20064001730601
2011-05-05,1.0687869165726473,1.1775476387069805
2011-05-06,1.0694389443921188,1.1783165306352978
2011-05-09,1.090798706688,1.1909064395327258
2011-05-10,1.0971145439021748,1.1979762694846365
2011-05-11,1.0775565739990995,1.1809733670801423
2011-05-12,1.079143136558971,1.1829624922195845
2011-05-13,1.0763699892187755,1.175369998818563
2011-05-16,1.0663754167621284,1.169325107987601
2011-05-17,1.0656267030725421,1.170282123066412
2011-05-18,1.07795955563563,1.1801112610800129
2011-05-19,1.0748981058590095,1.1796954707979703
2011-05-20,1.0795721382592114,1.1767490734747288
2011-05-23,1.0687984912379458,1.1636504229894293
2011-05-24,1.0753275427735118,1.1688707781625387
2011-05-25,1.0842066290066192,1.1746233746924004
2011-05-26,1.0853781831996097,1.1807820915428866
2011-05-27,1.0901851017270747,1.1868785743576724
2011-05-31,1.0976963556386274,1.1984391912618704
2011-06-01,1.0813205591104766,1.1832842984169194
2011-06-02,1.0832327606891985,1.1843391536784207
2011-06-03,1.0815376747352843,1.182988738270236
2011-06-06,1.0740597968737107,1.1728312696057874
2011-06-07,1.0778496769531787,1.1777181860034305
2011-06-08,1.0749421324633135,1.175234973268935
2011-06-09,1.0774873454841805,1.1779002645516714
2011-06-10,1.0653370624272847,1.1624946675851748
2011-06-13,1.0627842123941065,1.1595217462295742
2011-06-14,1.0746609240020548,1.1701641210823834
2011-06-15,1.0602574514194214,1.153452806516751
2011-06-16,1.0601601640472615,1.1524146608190466
2011-06-17,1.0623965124007362,1.1531863908608861
2011-06-20,1.0656625939228146,1.1549979895233893
2011-06-21,1.0728101813702948,1.165774192523624
2011-06-22,1.072222563819944,1.1628219368386925
2011-06-23,1.0605412108831207,1.155883349885802
2011-06-24,1.0532472060506464,1.1492335711904673
2011-06-27,1.0561407683521602,1.1534030292577648
2011-06-28,1.0673795069807206,1.1628184298405517
2011-06-29,1.0768382085919066,1.1716785080851757
2011-06-30,1.0760655918496214,1.1751880122898846
2011-07-01,1.0854710219888806,1.1822930315401767
2011-07-05,1.0906105011315792,1.188108372029388
2011-07-06,1.093115127744351,1.1887584308095283
2011-07-07,1.1050532634331987,1.199262102239387
2011-07-08,1.1024869293745856,1.1953334325798346
2011-07-11,1.0897758919104492,1.1817643970511578
2011-07-12,1.0895706142108679,1.182336836269559
2011-07-13,1.093069128882778,1.190608113351498
2011-07-14,1.0846121388287098,1.1807835814773127
2011-07-15,1.092172245163372,1.1885798358817377
2011-07-18,1.0852953953297935,1.1810821545648444
2011-07-19,1.0985116286141232,1.1934640461398205
2011-07-20,1.099434753828314,1.1957548922444472
2011-07-21,1.1027699090444527,1.202247731085088
2011-07-22,1.1075874199988378,1.2069133465587825
2011-07-25,1.101779700837271,1.2023573050462715
2011-07-26,1.10231578565925,1.2054433896915393
2011-07-27,1.0850807650299932,1.1878912692142578
2011-07-28,1.0841962935657246,1.1873006334892728
2011-07-29,1.0818799747794225,1.1889375064272378
2011-08-01,1.0797184491358642,1.1843698678905061
2011-08-02,1.080913099488201,1.1711492620846056
2011-08-03,1.083516180683852,1.1702352988531806
2011-08-04,1.076666860665268,1.1327931670909512
2011-08-05,1.0715777377224298,1.1291982821102395
2011-08-08,1.066707904577072,1.0842383644748994
2011-08-09,1.0953530170870787,1.120446495824813
2011-08-10,1.088947455618189,1.1035829381014979
2011-08-11,1.0905513561452405,1.127626771062234
2011-08-12,1.0915122258275984,1.1318801875733553
2011-08-15,1.0957693592750775,1.1497631813059201
2011-08-16,1.0995485190576888,1.1450798780035225
2011-08-17,1.0990983074243412,1.148859145005971
2011-08-18,1.1025006005444047,1.1162626322333866
2011-08-19,1.0968547824964179,1.1118598966410096
2011-08-22,1.097039992724783,1.1158373738982053
2011-08-23,1.0974298462365053,1.1323701583221741
2011-08-24,1.0959751676700555,1.1276132554730205
2011-08-25,1.0915424447121875,1.1190835677764006
2011-08-26,1.1051995793642182,1.1338776005649929
2011-08-29,1.105395517512802,1.150568237619803
2011-08-30,1.1111385526548143,1.1581796722430606
2011-08-31,1.1116993226895426,1.161604427278687
2011-09-01,1.1138293703446622,1.1552112622152362
2011-09-02,1.1225895516257973,1.143358794131995
2011-09-06,1.1206662157273297,1.1368196119695078
2011-09-07,1.1146354874435727,1.1539383675406552
2011-09-08,1.1206633433353264,1.1473225340465827
2011-09-09,1.1175607640684053,1.1276211029315772
2011-09-12,1.1114644410091596,1.1280150764979133
2011-09-13,1.111510842390073,1.1337860362641257
2011-09-14,1.1090030561414301,1.1372965909383315
2011-09-15,1.1048944952092878,1.145575129316726
2011-09-16,1.106277896099002,1.1468402348223152
2011-09-19,1.1020828402105112,1.133318127832408
2011-09-20,1.10558555553375,1.1328042893680768
2011-09-21,1.1014805513539612,1.1120461112276727
2011-09-22,1.0909726284274057,1.083267152324095
2011-09-23,1.07445321370176,1.0818158335717312
2011-09-26,1.070797376867463,1.089515841722544
2011-09-27,1.07668450798608,1.104037402003331
2011-09-28,1.0663883757988517,1.0834557232577204
2011-09-29,1.069766216125384,1.0921955859062984
2011-09-30,1.0645756257039267,1.0690797334942725
2011-10-03,1.0718984790234776,1.052252164499496
2011-10-04,1.065562585574767,1.0646665638196324
2011-10-05,1.0675786224505595,1.0766928840837353
2011-10-06,1.0667150287648655,1.0937369726094308
2011-10-07,1.063423412555328,1.0844938356394465
2011-10-10,1.0653186281548166,1.1122635932184588
2011-10-11,1.0655452575992472,1.1121420156608226
2011-10-12,1.0657463607782578,1.120279455431605
2011-10-13,1.0656773152290886,1.1189293492493468
2011-10-14,1.065621764420454,1.1341235214688123
2011-10-17,1.066523498157508,1.1186902458208605
2011-10-18,1.0669799781178841,1.1327598621857686
2011-10-19,1.0651877904813678,1.1192477883868592
2011-10-20,1.0628068117915124,1.1175853627527994
2011-10-21,1.0649428984187597,1.1327190312437392
2011-10-24,1.0681150562341855,1.1524183229267249
2011-10-25,1.0776215803191047,1.1474995544445485
2011-10-26,1.0780036226892913,1.1513399250008785
2011-10-27,1.077041276098712,1.1822007830751904
2011-10-28,1.0796340847293926,1.181068229128398
2011-10-31,1.0817434788066331,1.1624687470677324
2011-11-01,1.0873213237314983,1.1458048987234235
2011-11-02,1.0895366372325488,1.158386259145332
2011-11-03,1.0904103772764322,1.1718896073951075
2011-11-04,1.0914236284834804,1.1688446674589579
2011-11-07,1.0964605251453747,1.1765620309545068
2011-11-08,1.0915533067533165,1.1826812140938487
2011-11-09,1.091106311610737,1.152587055340998
2011-11-10,1.088565208099072,1.1565042540506947
2011-11-11,1.089906713531964,1.1724834897427736
2011-11-14,1.0905128787068035,1.162778238993911
2011-11-15,1.0895154535620692,1.1673531235979773
2011-11-16,1.087030904736119,1.15835763936937
2011-11-17,1.0810050630722157,1.141298172760714
2011-11-18,1.0812425698031585,1.1411300241375435
2011-11-21,1.0760001320111654,1.1246344002704043
2011-11-22,1.078754331052539,1.1260877346416904
2011-11-23,1.078680592116395,1.1078120752928313
2011-11-25,1.0744967852963374,1.1022787033970958
2011-11-28,1.0789291167015564,1.1265412827682562
2011-11-29,1.0783759276678395,1.1286027774464433
2011-11-30,1.081257969325813,1.1578838262833935
2011-12-01,1.0819958209892853,1.1552671635805671
2011-12-02,1.0864960686117642,1.1581884075901772
2011-12-05,1.0796430614522734,1.1636511086339667
2011-12-06,1.0830535443342666,1.1618296032596263
2011-12-07,1.0848454710475106,1.1640996992790396
2011-12-08,1.0931248302308534,1.1439599188307186
2011-12-09,1.0839144068001405,1.1562767288210507
2011-12-12,1.0926681984677846,1.1397652954404773
2011-12-13,1.0935725383950514,1.1334006549874622
2011-12-14,1.0930805549263225,1.1180534529981483
2011-12-15,1.0899220852335012,1.1191504299002664
2011-12-16,1.0935130811679719,1.1253262108408033
2011-12-19,1.1036476939083164,1.118048565176146
2011-12-20,1.0906376477798456,1.1420436401117438
2011-12-21,1.087643007019836,1.1420223151343698
2011-12-22,1.0831088464863243,1.147706051074994
2011-12-23,1.0805772249021668,1.1512445822025366
2011-12-27,1.082307108686821,1.152103029264728
2011-12-28,1.0850510123704638,1.1394243395063128
2011-12-29,1.0804203933219063,1.1453876720468497
2011-12-30,1.0836407155508128,1.1449380816443213
2012-01-03,1.0771860995528886,1.1637688144226301
2012-01-04,1.0796934192322576,1.1622213333251628
2012-01-05,1.0819779318371165,1.159425820930435
2012-01-06,1.0874997563720694,1.1574280281769194
2012-01-09,1.0831841653288066,1.158538003730995
2012-01-10,1.0782826859277324,1.1678118014134238
2012-01-11,1.0808102187061002,1.1686174835238858
2012-01-12,1.0800847918440466,1.1674918524613895
2012-01-13,1.0837625238023187,1.1642320319099815
2012-01-17,1.0799859092456823,1.1721904313130223
2012-01-18,1.071995756269553,1.18147318185378
2012-01-19,1.06687827599119,1.185289819812123
2012-01-20,1.066598208086025,1.1830799013895996
2012-01-23,1.0636891265499704,1.187623783834828
2012-01-24,1.0628175828852955,1.187211507022006
2012-01-25,1.067257682886086,1.1989514792507925
2012-01-26,1.0728154856164522,1.2005892720184252
2012-01-27,1.0742861234384173,1.2048465797283512
2012-01-30,1.0788975376024996,1.1983309957950026
2012-01-31,1.0797170857255185,1.2008339982299032
2012-02-01,1.07488730781529,1.2084067996690986
2012-02-02,1.0765251908766158,1.2107114510832941
2012-02-03,1.0643723002937064,1.2184456760320457
2012-02-06,1.0672295902755051,1.2166482939133507
2012-02-07,1.0658275031269322,1.2203790847373368
2012-02-08,1.0636171374383647,1.2225538049102134
2012-02-09,1.0605375947179163,1.2226622127748243
2012-02-10,1.0673370717557236,1.2133347550316012
2012-02-13,1.0649817896471188,1.2223963440829217
2012-02-14,1.0674534859967215,1.2195673267259102
2012-02-15,1.0684325446681013,1.2190074071134689
2012-02-16,1.062236156123067,1.2265242862171613
2012-02-17,1.0591862760798558,1.2274717086974019
2012-02-21,1.0621080817761666,1.2311460494198525
2012-02-22,1.068067585036157,1.2322695183287862
2012-02-23,1.0660886973885209,1.2398338726833322
2012-02-24,1.0636447081168339,1.244447471662899
2012-02-27,1.0662940233242537,1.2404168901209254
2012-02-28,1.065974836493903,1.2437674850679519
2012-02-29,1.0588273041644032,1.2332468796712432
2012-03-01,1.0648314874388478,1.2413496448535404
2012-03-02,1.0610272238006135,1.2347384907855834
2012-03-05,1.0577902347772479,1.2310341053134608
2012-03-06,1.046283147188001,1.2139830893372994
2012-03-07,1.051739169025397,1.2211766795647054
2012-03-08,1.0597939966608196,1.2308874148970737
2012-03-09,1.0650298333734483,1.2335091096650581
2012-03-12,1.0632965665023248,1.2311088829671206
2012-03-13,1.0706908141518687,1.2396790291267723
2012-03-14,1.0664549177834244,1.2298655648100925
2012-03-15,1.0713979646354082,1.2340311940443507
2012-03-16,1.0716232007744388,1.2389791234974346
2012-03-19,1.0756021817440864,1.2416666051002532
2012-03-20,1.0720041873165547,1.2334801170352683
2012-03-21,1.0717734042621752,1.2339967963758256
2012-03-22,1.0674724635643447,1.2265304134626687
2012-03-23,1.07208682379258,1.2341376888783104
2012-03-26,1.0852356510453487,1.245717198766542
2012-03-27,1.082256734956506,1.243879303319814
2012-03-28,1.0774535814181339,1.2363428697321803
2012-03-29,1.0755981337730833,1.2318858154192873
2012-03-30,1.076383679006688,1.2348272431574014
2012-04-02,1.0833648360711656,1.2452539315412987
2012-04-03,1.082767072725268,1.235399141556725
2012-04-04,1.0757101091220482,1.2218126157363545
2012-04-05,1.0768934668640175,1.2238221409342418
2012-04-09,1.0673115525404122,1.219663512709834
2012-04-10,1.0539182561483929,1.2080825585054857
2012-04-11,1.060525877086902,1.2152945593311626
2012-04-12,1.0683028957845557,1.22785575887551
2012-04-13,1.0625672847697247,1.2182037344871264
2012-04-16,1.0613898316964703,1.2178141236478146
2012-04-17,1.0724845281810518,1.2273803478338516
2012-04-18,1.0691823065340673,1.2218022010330492
2012-04-19,1.064317110592426,1.2184987626981318
2012-04-20,1.0652204364513416,1.2237303374108819
2012-04-23,1.0591719662825265,1.2147673989017325
2012-04-24,1.061799925251635,1.2178082139752437
2012-04-25,1.0733423599307252,1.2277621537248211
2012-04-26,1.0779938717698672,1.2337301092180606
2012-04-27,1.0818766581868622,1.2370344630453605
2012-04-30,1.0774663193458665,1.2347989212819812
2012-05-01,1.0802342571478587,1.2379773790478616
2012-05-02,1.0822906973870696,1.2348690110094025
2012-05-03,1.0782004794509348,1.2253169159348862
2012-05-04,1.071350796749875,1.2109564837218418
2012-05-07,1.073532260141244,1.211742992190365
2012-05-08,1.0734230013346264,1.2056601793069393
2012-05-09,1.073037144018304,1.1986453477485912
2012-05-10,1.0726782763167286,1.1998180976880266
2012-05-11,1.0740721821356867,1.1960967827246063
2012-05-14,1.070856057504902,1.184091396978322
2012-05-15,1.070986349642738,1.1783447779159943
2012-05-16,1.067402807015306,1.172349264888313
2012-05-17,1.0562904950569207,1.1639552926560905
2012-05-18,1.0485866755953595,1.1584448704526036
2012-05-21,1.0590020612249986,1.173914097525977
2012-05-22,1.062576120056497,1.1662245729375782
2012-05-23,1.0662799678459447,1.1636825787282132
2012-05-24,1.0674116718355444,1.1622401993966809
2012-05-25,1.0670749788243168,1.162154590596305
2012-05-29,1.0744179053868885,1.168939776149328
2012-05-30,1.0708876110936911,1.155588739821283
2012-05-31,1.0716401874541972,1.155535873454899
2012-06-01,1.06430120533435,1.1418328967117877
2012-06-04,1.062981168335144,1.1432790613038335
2012-06-05,1.066647977760371,1.146797677392804
2012-06-06,1.0728040012016151,1.1622771137191028
2012-06-07,1.071562984239512,1.158577996392086
2012-06-08,1.0760005534929225,1.1620515003585172
2012-06-11,1.0696216110870223,1.1492434532976665
2012-06-12,1.0722351288644718,1.1589466850397814
2012-06-13,1.0714768519411668,1.155528810867928
2012-06-14,1.0739603072402557,1.163386297042291
2012-06-15,1.0795369674745958,1.171342553598292
2012-06-18,1.0826426600435155,1.1716417968122694
2012-06-19,1.0846422112633267,1.1800063246936678
2012-06-20,1.0839094212739566,1.1740490853350003
2012-06-21,1.0758210346055013,1.1521916647816353
2012-06-22,1.0762261032859306,1.1583234025472697
2012-06-25,1.0734620057176543,1.1510384648954384
2012-06-26,1.0749258603224494,1.1538883534311515
2012-06-27,1.0777100521483136,1.160559388859575
2012-06-28,1.077882263015728,1.1559270763590226
2012-06-29,1.0868003146498508,1.1868692315872766
2012-07-02,1.091277758034441,1.1892483864846386
2012-07-03,1.0936302425920295,1.2035388295653142
2012-07-05,1.093865455511445,1.1976002392129632
2012-07-06,1.092901246145496,1.1858212518362503
2012-07-09,1.093584364006779,1.1890451528034711
2012-07-10,1.0894692434896551,1.1792587097307075
2012-07-11,1.0888601942769713,1.1831191595959067
2012-07-12,1.0893067703147794,1.179657087536089
2012-07-13,1.094182827702135,1.1913523020882764
2012-07-16,1.095323764994051,1.1938745842442162
2012-07-17,1.0974441795144079,1.1976461196933892
2012-07-18,1.0998125448241962,1.2019183381694192
2012-07-19,1.1003721109407105,1.2077988942233129
2012-07-20,1.0980797408623553,1.1995153976731623
2012-07-23,1.094283879523234,1.185150188063933
2012-07-24,1.0926702350585167,1.1807652086779237
2012-07-25,1.091834390576421,1.184146510640786
2012-07-26,1.095630208280987,1.1952912505885391
2012-07-27,1.1000489687696047,1.2077649586355974
2012-07-30,1.1015466628239925,1.2073253898940308
2012-07-31,1.102607534852562,1.202136363312755
2012-08-01,1.100562149483705,1.199894641540289
2012-08-02,1.1006714381392242,1.1933150427738348
2012-08-03,1.1042674911086903,1.212865836518438
2012-08-06,1.1055633612977804,1.2177726619111975
2012-08-07,1.1031413873522942,1.220816261291523
2012-08-08,1.101079866074579,1.2196313356231239
2012-08-09,1.1008191705685726,1.221067110113682
2012-08-10,1.1024557016402443,1.2217325368155059
2012-08-13,1.1023307117163996,1.2184180274095235
2012-08-14,1.10050980808688,1.2173165321592734
2012-08-15,1.099663043441795,1.218255471609597
2012-08-16,1.102317263573495,1.225456037753228
2012-08-17,1.103575344952109,1.2277439638795045
2012-08-20,1.104356258715384,1.2282821057328805
2012-08-21,1.104081896359706,1.2313676060001375
2012-08-22,1.1073020842360046,1.2358359005739363
2012-08-23,1.1056966455483608,1.2320452070473762
2012-08-24,1.107761232471319,1.232775819516964
2012-08-27,1.1092368323785118,1.2321313346279805
2012-08-28,1.1103579736766664,1.2342006561265364
2012-08-29,1.1098875706057871,1.23143350014886
2012-08-30,1.108144600324025,1.2259558560222332
2012-08-31,1.1127997930547306,1.236578924156538
2012-09-04,1.1157761192326008,1.2355374869428188
2012-09-05,1.1153384443790424,1.2345689657719516
2012-09-06,1.1287611665223405,1.2437020363374178
2012-09-07,1.1310674739975888,1.2552895422753598
2012-09-10,1.1252342761997927,1.2497528478196904
2012-09-11,1.1266638710936625,1.254511903149292
2012-09-12,1.1296488067093944,1.256443974004087
2012-09-13,1.1403398524883983,1.2719845364659375
2012-09-14,1.145904024605479,1.2788242778481589
2012-09-17,1.1434338937744981,1.2699551645997864
2012-09-18,1.1410698300961961,1.267880536646861
2012-09-19,1.1402735473289725,1.263140876075579
2012-09-20,1.1368652719374137,1.2607849068643486
2012-09-21,1.1375021827432108,1.2628653235227993
2012-09-24,1.1351768779680338,1.2584712189169884
2012-09-25,1.1245003742607227,1.2506451937811274
2012-09-26,1.120361020242495,1.2454102662598343
2012-09-27,1.1281021250685346,1.2569088262529708
2012-09-28,1.1236918566578824,1.2521925319958265
2012-10-01,1.1222550249362442,1.2552934898084644
2012-10-02,1.1242521286844152,1.2565343953973604
2012-10-03,1.1267272151924532,1.2511741336041222
2012-10-04,1.1264312457398362,1.2618875988800344
2012-10-05,1.125728646071557,1.2583539132669015
2012-10-08,1.1227570954429649,1.2540805669662296
2012-10-09,1.1171110402304592,1.249747605000842
2012-10-10,1.1140253645074116,1.2470832927350037
2012-10-11,1.1135579208778112,1.2518750469161661
2012-10-12,1.109676291225169,1.2473027379700812
2012-10-15,1.115380972649651,1.2504374426794267
2012-10-16,1.119999599452275,1.2573533877943484
2012-10-17,1.1210018407502156,1.2598822333115496
2012-10-18,1.1202786942043648,1.2569617063145608
2012-10-19,1.1078720422639008,1.2433281229043316
2012-10-22,1.1071901900972776,1.2432867715995526
2012-10-23,1.1017538493050296,1.2307346007607416
2012-10-24,1.1005915851842192,1.227737523071106
2012-10-25,1.1014756557449326,1.2299327924969665
2012-10-26,1.1001688788805075,1.2299224705757916
2012-10-31,1.1017221159325068,1.2325762244635317
2012-11-01,1.1058364086014085,1.2384035048162543
2012-11-02,1.1029786676880888,1.2275685888877201
2012-11-05,1.1033060484681851,1.2305868954362749
2012-11-06,1.104660869349021,1.2394347261819227
2012-11-07,1.0951532685285121,1.22480350687403
2012-11-08,1.087692342473952,1.219762024107118
2012-11-09,1.0875702921677566,1.2215210863902506
2012-11-12,1.0874211185498734,1.2206964463670618
2012-11-13,1.0849129647353497,1.2166615659379743
2012-11-14,1.0768142981274371,1.210032048966573
2012-11-15,1.0746606685907596,1.207484741490039
2012-11-16,1.0786211109161798,1.2119179978190946
2012-11-19,1.089284019058737,1.228012146837102
2012-11-20,1.0900225481683246,1.224932595070772
2012-11-21,1.0907873200544818,1.2264404264031792
2012-11-23,1.0979124414460055,1.2376078086530427
2012-11-26,1.0989222084820525,1.2378823668604648
2012-11-27,1.0963707676874983,1.2339902178085347
2012-11-28,1.0992037468333553,1.2357715442166182
2012-11-29,1.102640593657417,1.2427255169929663
2012-11-30,1.103104414679598,1.2437419565382117
2012-12-03,1.1027336483496244,1.2444420435749441
2012-12-04,1.1029441501786699,1.2429288583078293
2012-12-05,1.1028150235729917,1.2423340241851175
2012-12-06,1.1058596964641434,1.2423516815441895
2012-12-07,1.1074415794500276,1.241821581960244
2012-12-10,1.108581753334524,1.243331869600049
2012-12-11,1.1133061663041082,1.2469970388748375
2012-12-12,1.112810187617426,1.247771278731285
2012-12-13,1.108481166602379,1.2416690983842311
2012-12-14,1.1080943552325102,1.2431001552610748
2012-12-17,1.115113467346229,1.247652574877643
2012-12-18,1.1239837448134877,1.253077912051028
2012-12-19,1.123383696280498,1.254627101349223
2012-12-20,1.1290581782815214,1.256764902321329
2012-12-21,1.1246207282428284,1.2518328250533397
2012-12-24,1.122807421561672,1.2498125251750565
2012-12-26,1.119565427350363,1.252188859608861
2012-12-27,1.1203090118591548,1.2540126195021122
2012-12-28,1.1135344599466372,1.2492500736534218
2012-12-31,1.1258245471794284,1.2593930357845362
2013-01-02,1.1363933156319252,1.274779733050519
2013-01-03,1.1319749527886287,1.2672766151889376
2013-01-04,1.1344840115187997,1.269039224485831
2013-01-07,1.1327496175100789,1.267900695184501
2013-01-08,1.129656443578028,1.2670447298459178
2013-01-09,1.1321951709225202,1.2690430433386588
2013-01-10,1.1370393844376683,1.2761385543165256
2013-01-11,1.1361859674320227,1.2754420854613806
2013-01-14,1.1371802914665416,1.2773874590128307
2013-01-15,1.136787198222088,1.2763612046749078
2013-01-16,1.1354400934319384,1.2766622655157005
2013-01-17,1.1382761038809721,1.282087221111771
2013-01-18,1.1399043332584466,1.2839919332104248
2013-01-22,1.1407021476102326,1.2871475084339907
2013-01-23,1.1397021872947188,1.285948555930404
2013-01-24,1.139900409359645,1.2844889886959527
2013-01-25,1.141291458593818,1.285885651345888
2013-01-28,1.1389471207642001,1.284726150698902
2013-01-29,1.14246351621496,1.288851363402505
2013-01-30,1.1392070361499496,1.288509712464722
2013-01-31,1.1378738411822371,1.2873101607628383
2013-02-01,1.1445973416581685,1.292694343331654
2013-02-04,1.1359106226590439,1.2842223293085893
2013-02-05,1.140353646013582,1.2886848758322558
2013-02-06,1.1416616530318269,1.2893198032688915
2013-02-07,1.1381537767395187,1.2841442956001459
2013-02-08,1.1439261466781756,1.2890320085738292
2013-02-11,1.143667279099147,1.2886283549851645
2013-02-12,1.1470488990145205,1.2910575649963005
2013-02-13,1.1484481927983339,1.2909541744230335
2013-02-14,1.1472530844829294,1.2901850808488575
2013-02-15,1.1468032546087858,1.2853446120877547
2013-02-19,1.1538321106076734,1.2897054012973548
2013-02-20,1.14387673962729,1.276121840022183
2013-02-21,1.136153232835927,1.267250431161988
2013-02-22,1.1450525235394915,1.2741553997805537
2013-02-25,1.1286373343470493,1.2637675439329685
2013-02-26,1.134096677410155,1.2682057012606347
2013-02-27,1.1427288388508499,1.2735771916218366
2013-02-28,1.1425337986728243,1.2701600163187918
2013-03-01,1.1440688572104445,1.270193696471043
2013-03-04,1.1480211280793096,1.2695287686739034
2013-03-05,1.1557034728367166,1.2776039032733644
2013-03-06,1.156261037231567,1.2764693057963243
2013-03-07,1.15744050169717,1.2788692268926212
2013-03-08,1.1607421556071842,1.2801129175040307
2013-03-11,1.1628608734464172,1.2814526899804122
2013-03-12,1.1602301891945168,1.2809647032987839
2013-03-13,1.161027833197944,1.2785332987743299
2013-03-14,1.1672276417589087,1.2843033247892064
2013-03-15,1.1673490537985003,1.2851795791387595
2013-03-18,1.162288019724235,1.2816549907030255
2013-03-19,1.1588908021855884,1.2773722077417813
2013-03-20,1.1646075564754466,1.2822268785983224
2013-03-21,1.1585476464689395,1.2761685801754143
2013-03-22,1.1637984250240914,1.2823517689668094
2013-03-25,1.160388963878183,1.2799059247912385
2013-03-26,1.165455336713958,1.2868804686212416
2013-03-27,1.16490747609849,1.2887425188447992
2013-03-28,1.16770909959562,1.289670625502089
2013-04-01,1.1620619825792893,1.2854845351153499
2013-04-02,1.1644911695712137,1.2850281938495474
2013-04-03,1.1571493050341004,1.2754048080646372
2013-04-04,1.1644755550911439,1.279298871896755
2013-04-05,1.1627780957402367,1.2802354267715466
2013-04-08,1.1685364305572512,1.2835081756964457
2013-04-09,1.1694601474176667,1.2880691865923297
2013-04-10,1.1799184221946293,1.293331185961788
2013-04-11,1.1835022172487588,1.294489830467059
2013-04-12,1.1828499604113532,1.2853798577583093
2013-04-15,1.1610112697229054,1.2554996430200598
2013-04-16,1.173624630975348,1.2681862626500324
2013-04-17,1.160301853103434,1.2539091599455838
2013-04-18,1.1572835760818925,1.2548017837815009
2013-04-19,1.1653340958975884,1.261749861870513
2013-04-22,1.167970723406146,1.2681747291271261
2013-04-23,1.1774027520387955,1.272521286900423
2013-04-24,1.1810395401029008,1.2797473716403378
2013-04-25,1.184069392740154,1.2877963437801974
2013-04-26,1.1818208961758936,1.2852559817819011
2013-04-29,1.188943448503739,1.2945504691761953
2013-04-30,1.1929178304685593,1.2971485626008825
2013-05-01,1.1875224426473798,1.286615282573362
2013-05-02,1.1921507956607864,1.2960263763439075
2013-05-03,1.1999877011640236,1.3026813263131947
2013-05-06,1.2022833217778144,1.3043039798606686
2013-05-07,1.2111280263703261,1.3048587932844609
2013-05-08,1.2100771742371181,1.3118689926185654
2013-05-09,1.2098333196526871,1.305777135063483
2013-05-10,1.2155433237192097,1.3036748475687154
2013-05-13,1.2188302249366063,1.3000209711493673
2013-05-14,1.22693881871655,1.3010016619317868
2013-05-15,1.2398567091172383,1.301095831310516
2013-05-16,1.2376035005088044,1.3004079320461106
2013-05-17,1.2533423487772046,1.302605263362761
2013-05-20,1.243166408551646,1.308053934730761
2013-05-21,1.25116455097445,1.3065599253131417
2013-05-22,1.241370167627365,1.2928747963981764
2013-05-23,1.2273258305936574,1.29252458886225
2013-05-24,1.2267262723404744,1.288743431772382
2013-05-28,1.2299632438054753,1.2894845356106097
2013-05-29,1.2165064896170614,1.2824696013291457
2013-05-30,1.2124668391104998,1.285823105684543
2013-05-31,1.2077648537549297,1.2713947109107613
2013-06-03,1.2121228952133345,1.2802085730598922
2013-06-04,1.2085226909675646,1.2750142071018824
2013-06-05,1.195385269419187,1.2665643493626428
2013-06-06,1.2016747153087501,1.2758723904226899
2013-06-07,1.211671247839013,1.277509823004934
2013-06-10,1.2132645177784969,1.274762340394749
2013-06-11,1.204060801142637,1.2656305368944447
2013-06-12,1.1975429784548208,1.260651228089809
2013-06-13,1.2102908299207964,1.2754131276712595
2013-06-14,1.203618110846891,1.2729841137780424
2013-06-17,1.2116933316297334,1.277101465021289
2013-06-18,1.2191170741439765,1.2808326868130173
2013-06-19,1.2071948796059502,1.2629040941940497
2013-06-20,1.183596260880728,1.22909923910064
2013-06-21,1.1844487528216643,1.2278268351034667
2013-06-24,1.1737926223711825,1.2191425992826808
2013-06-25,1.1818729525255836,1.2267289329883708
2013-06-26,1.1875728966323664,1.2290475380390309
2013-06-27,1.1949872291057149,1.2379503902398552
2013-06-28,1.1928230956637225,1.2387804020724678
2013-07-01,1.1946336089088632,1.2465414014836853
2013-07-02,1.1965247570574824,1.2463477995178074
2013-07-03,1.1958987753776065,1.2484646559228074
2013-07-05,1.2115704567067607,1.2445469112593968
2013-07-08,1.2107844210884036,1.250148380984317
2013-07-09,1.213353253168926,1.2573477128384625
2013-07-10,1.214859968923497,1.2596455580622246
2013-07-11,1.2200686141888641,1.280440685991267
2013-07-12,1.2204410697399295,1.279938588340789
2013-07-15,1.2247850110972682,1.2848691353155945
2013-07-16,1.2203786093560964,1.2852683542289651
2013-07-17,1.2275358825097036,1.2881273163249147
2013-07-18,1.2289690850346622,1.290395992916969
2013-07-19,1.2240082189477077,1.292550742290588
2013-07-22,1.215762391800729,1.297097810869784
2013-07-23,1.211594268609066,1.2983991610383323
2013-07-24,1.2157081109636398,1.2879059323844813
2013-07-25,1.2165324151963013,1.2923728427376673
2013-07-26,1.2154055729256383,1.290714436375289
2013-07-29,1.2117138840806359,1.2854820436847052
2013-07-30,1.2139810857708873,1.2838180743499867
2013-07-31,1.2158439552451494,1.2859911849141865
2013-08-01,1.230098942734488,1.2905700378219882
2013-08-02,1.2343467677420257,1.2927556996554725
2013-08-05,1.23638941340001,1.2899514669917191
2013-08-06,1.2364825239133155,1.2835578229296707
2013-08-07,1.2323635277086211,1.2798149683012376
2013-08-08,1.2289891044080345,1.2869474716940033
2013-08-09,1.227656259991913,1.290037670734878
2013-08-12,1.2218630435589686,1.2931323955103489
2013-08-13,1.2287409350700997,1.2902276206225582
2013-08-14,1.222452904217809,1.2910687634088605
2013-08-15,1.2024328882665536,1.2844633763933984
2013-08-16,1.1987055700766884,1.280337636406476
2013-08-19,1.1949283825402015,1.2720005488665374
2013-08-20,1.1984167771944978,1.277149265267692
2013-08-21,1.1936935536094566,1.2682385263749403
2013-08-22,1.2006234614000177,1.2765520087385724
2013-08-23,1.1994259337242423,1.286474744103665
2013-08-26,1.1957738234692983,1.2856124767184993
2013-08-27,1.1762133751753234,1.2814357572319182
2013-08-28,1.178010572463431,1.2815210565385313
2013-08-29,1.183676369858936,1.2805879547292807
2013-08-30,1.1791622012280976,1.2747667481321379
2013-09-03,1.184170412819661,1.2788926166396815
2013-09-04,1.1876760059191034,1.2808600471312923
2013-09-05,1.1905151577754296,1.277435627796588
2013-09-06,1.1950387777591673,1.2869340315704465
2013-09-09,1.2004223354653465,1.2958824787555279
2013-09-10,1.2018266196225726,1.294781711310537
2013-09-11,1.2029514762235827,1.298428336417698
2013-09-12,1.202847367133382,1.2933045693771452
2013-09-13,1.2044984899067603,1.2954739380208564
2013-09-16,1.2015988987943782,1.2955003185578247
2013-09-17,1.2039822422138802,1.2964355942253303
2013-09-18,1.2162021563482512,1.324182788274643
2013-09-19,1.2128351151339574,1.3193796304346654
2013-09-20,1.208121150699197,1.3089671094097517
2013-09-23,1.2039355766754496,1.3067130842088621
2013-09-24,1.2038565068124776,1.3055067671443212
2013-09-25,1.2002066106763774,1.305595239995735
2013-09-26,1.2049480204099183,1.3083676557547668
2013-09-27,1.2020845574986445,1.3058849580274325
2013-09-30,1.199891231220435,1.3010823449732951
2013-10-01,1.2173263436714197,1.3037815217188906
2013-10-02,1.208869205587662,1.3096746339102854
2013-10-03,1.200553713189324,1.3036552268085508
2013-10-04,1.2076991751878885,1.3062642645710008
2013-10-07,1.1962836905502938,1.3036073432219684
2013-10-08,1.1854710092327576,1.2962579343881588
2013-10-09,1.1886336875833088,1.2922483956660737
2013-10-10,1.2114757069206288,1.30652727044078
2013-10-11,1.2235986682616393,1.3090185784917856
2013-10-14,1.2270834495084457,1.311057349973812
2013-10-15,1.2188612298240147,1.306313141838912
2013-10-16,1.2290555141043193,1.3168317493427293
2013-10-17,1.224880163908217,1.326555052229528
2013-10-18,1.2351663608953862,1.3311954556743575
2013-10-21,1.2351700556788492,1.3286890239088198
2013-10-22,1.2325731010279117,1.3356636903636525
2013-10-23,1.2292722028905814,1.3276827599636376
2013-10-24,1.2301093696813226,1.3304464421603055
2013-10-25,1.230625057018132,1.335079628746015
2013-10-28,1.2302833508457227,1.3358915355789216
2013-10-29,1.2351032261796002,1.3352016795484034
2013-10-30,1.2305762610647966,1.3293501746796401
2013-10-31,1.2323129295074282,1.321443498953594
2013-11-01,1.2331910650717466,1.315779274837063
2013-11-04,1.2382055827365734,1.3183788894994795
2013-11-05,1.2358634129803285,1.310135770189124
2013-11-06,1.2360006450494723,1.3148943447004264
2013-11-07,1.2251704175117037,1.3029793677194652
2013-11-08,1.241589805411509,1.3022915703434343
2013-11-11,1.243278029455741,1.3027599308699322
2013-11-12,1.2469017359893615,1.2981436742387387
2013-11-13,1.2528709455064546,1.304855938149178
2013-11-14,1.2510910746358286,1.3117045298930816
2013-11-15,1.2549111242430333,1.3156253591733644
2013-11-18,1.2547524235651664,1.3123389310597628
2013-11-19,1.2515671998550986,1.3088992034548361
2013-11-20,1.2573897706201176,1.3004109697901862
2013-11-21,1.2673066863004603,1.308571394964161
2013-11-22,1.271408870584222,1.3122541884642114
2013-11-25,1.269605434548131,1.310281647044139
2013-11-26,1.2744982738596018,1.3114395387856883
2013-11-27,1.2795319259003317,1.3127049316148558
2013-11-29,1.277297704970919,1.3153022432647208
2013-12-02,1.2820722438231555,1.3065576908867014
2013-12-03,1.2770282169919078,1.3086466319866907
2013-12-04,1.2689194852645314,1.3096372303132222
2013-12-05,1.2718195636320915,1.3067547250166844
2013-12-06,1.2796095298649157,1.3150988205561152
2013-12-09,1.2770021218998973,1.3172877521978426
2013-12-10,1.2669224857835777,1.3203813746611395
2013-12-11,1.2588598451220299,1.3084148428574465
2013-12-12,1.2644735514088432,1.3019620903605522
2013-12-13,1.2612538356602006,1.3029158928042437
2013-12-16,1.2670778658015545,1.3085251813812535
2013-12-17,1.2679533591749255,1.3064320801329101
2013-12-18,1.284195017933755,1.3144963249113222
2013-12-19,1.2907760761125533,1.3076933185658497
2013-12-20,1.2957153583124619,1.3157156699199908
2013-12-23,1.3054590670341202,1.319196027728538
2013-12-24,1.305595672545009,1.3211389265444426
2013-12-26,1.3066241960938156,1.3228394015307732
2013-12-27,1.3057975688561863,1.3260266083035213
2013-12-30,1.312029489882782,1.3250743481315983
2013-12-31,1.3135209242346968,1.3260169101691313
2014-01-02,1.3029474042539215,1.314523894929125
2014-01-03,1.3026651682860395,1.3132791027393793
2014-01-06,1.2990374515490557,1.3121389201531295
2014-01-07,1.3057154073061061,1.3152039418625139
2014-01-08,1.3064934637042454,1.311000892122138
2014-01-09,1.3057706797066475,1.3103655169942563
2014-01-10,1.3104868008258066,1.3203464070449749
2014-01-13,1.2989189965325783,1.3133816717168652
2014-01-14,1.310342486035777,1.3189766381464922
2014-01-15,1.3161336940945818,1.32357068311969
2014-01-16,1.316034934666502,1.323532816874855
2014-01-17,1.3122586976246549,1.3220686470506886
2014-01-21,1.317151581106187,1.324713449203063
2014-01-22,1.3190666422181758,1.328169225821628
2014-01-23,1.3132921754223075,1.328311820620372
2014-01-24,1.2916983847135706,1.3150697409672287
2014-01-27,1.284044061749696,1.3069475799475787
2014-01-28,1.2895727226391906,1.3137180718089558
2014-01-29,1.2792003205361753,1.3094062584670483
2014-01-30,1.290196513213919,1.313616035219653
2014-01-31,1.282757089051316,1.3109181711212683
2014-02-03,1.2609398984402378,1.2991058701281142
2014-02-04,1.268323904840038,1.3053342336504559
2014-02-05,1.2662656217556427,1.3034156933385652
2014-02-06,1.2776974016406302,1.3124537864181505
2014-02-07,1.2899113843993002,1.3245090583178596
2014-02-10,1.2914470893648675,1.3252743410985106
2014-02-11,1.3020964450535735,1.3333681374549216
2014-02-12,1.303920626211945,1.3338149824082373
2014-02-13,1.3103836775261675,1.3407882495314807
2014-02-14,1.3132974607292445,1.345661283212973
2014-02-18,1.3190661505877386,1.3528739418056195
2014-02-19,1.3120392891527206,1.3482888130668542
2014-02-20,1.3177386844452876,1.3516248924016045
2014-02-21,1.3183369422898135,1.3525013850129586
2014-02-24,1.3245417276388185,1.3572520868277786
2014-02-25,1.323887306183997,1.3561649087448422
2014-02-26,1.3243340514735968,1.3565005515437163
2014-02-27,1.329111449827387,1.36073323534933
2014-02-28,1.3289302210846206,1.361368373814205
2014-03-03,1.3193973768237661,1.3618747381136724
2014-03-04,1.3359629586539543,1.3675121473987115
2014-03-05,1.336473729448251,1.3647839273648534
2014-03-06,1.3391963044297426,1.3699105518108559
2014-03-07,1.336783920013413,1.3645867971240504
2014-03-10,1.3346322563401816,1.3602852613360237
2014-03-11,1.3283431107379915,1.356104810080449
2014-03-12,1.329119325296996,1.3581967409437852
2014-03-13,1.3161956147366582,1.3510518302274053
2014-03-14,1.314445150641347,1.352924566714295
2014-03-17,1.3224632766729196,1.3539107536066808
2014-03-18,1.3317200874660104,1.3618239365748337
2014-03-19,1.324853956277571,1.349513510171758
2014-03-20,1.3262791829947782,1.3491077329621837
2014-03-21,1.3210524184381816,1.3506910924546023
2014-03-24,1.3160422580086977,1.3475704357399085
2014-03-25,1.3203400136886243,1.3520484265561878
2014-03-26,1.3112409201189117,1.3480238452327504
2014-03-27,1.310036622679024,1.3504973908351177
2014-03-28,1.3131224620616064,1.3531450548696697
2014-03-31,1.3219326898534924,1.357643270640146
2014-04-01,1.3320528951938246,1.359777807122754
2014-04-02,1.3349303076385601,1.3606887670596348
2014-04-03,1.3297438367293426,1.3590894780966358
2014-04-04,1.3146992839224378,1.356638911019814
2014-04-07,1.3055235169578967,1.3527840569048544
2014-04-08,1.3100386441348302,1.3614589241510735
2014-04-09,1.3226852830632783,1.3699380583297787
2014-04-10,1.29995298151759,1.3592347211094513
2014-04-11,1.2907424279150406,1.3543042548005697
2014-04-14,1.2962242793148115,1.3584804973085898
2014-04-15,1.298463725686904,1.3577728330463095
2014-04-16,1.309145123664503,1.3651102738134633
2014-04-17,1.3118536437269168,1.3657644119740027
2014-04-21,1.3157423243182556,1.366457572846568
2014-04-22,1.3219463428360159,1.3672213084131184
2014-04-23,1.317371048478786,1.3646549977059277
2014-04-24,1.3194229565305156,1.3678639658393372
2014-04-25,1.3086493821814416,1.3604158884100288
2014-04-28,1.3094983249309735,1.3609024715495739
2014-04-29,1.3144637825203203,1.3642695552764834
2014-04-30,1.3181996380065832,1.3654315993576107
2014-05-01,1.319469719822552,1.366419907352435
2014-05-02,1.3185320644784613,1.3689601034921208
2014-05-05,1.3197298569282099,1.3690892236131378
2014-05-06,1.3105639331934675,1.3656946235429468
2014-05-07,1.3116689796631895,1.3679943727132982
2014-05-08,1.308932687644005,1.3656851135975594
2014-05-09,1.311887613684416,1.3650646373868955
2014-05-12,1.3246359329231978,1.3735555322560435
2014-05-13,1.3230726550478875,1.374779590763709
2014-05-14,1.3165707782955838,1.3764031975758018
2014-05-15,1.310175508605201,1.371419763971144
2014-05-16,1.3144267206054403,1.3754419375354774
2014-05-19,1.318877477933798,1.3770443131782792
2014-05-20,1.3116121090644444,1.3736668167739192
2014-05-21,1.3187064464360494,1.3780519993333449
2014-05-22,1.3229842179651123,1.3808375501850483
2014-05-23,1.3287360883632393,1.3850346816156
2014-05-27,1.338064319824099,1.3862525307128524
2014-05-28,1.3351782518251774,1.3846922698631632
2014-05-29,1.3400892233228328,1.387422597118766
2014-05-30,1.3394717729624677,1.384164310440335
2014-06-02,1.3404062986921974,1.381384344884849
2014-06-03,1.339314539601944,1.3803019541140908
2014-06-04,1.3408237032162424,1.3793370120437332
2014-06-05,1.3496132992932348,1.3888002432976831
2014-06-06,1.3528984238567212,1.3929704581926723
2014-06-09,1.3501876880549142,1.3943799605199927
2014-06-10,1.3488995401249604,1.3938815369955504
2014-06-11,1.3458918070667807,1.3914591138935644
2014-06-12,1.3414683108322578,1.3946046011495896
2014-06-13,1.3436353685317177,1.3955822264318145
2014-06-16,1.342912771927809,1.3956472935255464
2014-06-17,1.3437898369382533,1.3951254291424602
2014-06-18,1.350320504986934,1.4029252632494231
2014-06-19,1.3535295322808296,1.4083584250978767
2014-06-20,1.3547094213064892,1.4100321502909954
2014-06-23,1.3534917335623864,1.4083747032061298
2014-06-24,1.3504631491893688,1.4072699559193547
2014-06-25,1.352952357205783,1.410750883171166
2014-06-26,1.3528184311087206,1.4096273812350797
2014-06-27,1.3558826879057866,1.4120536363169762
2014-06-30,1.356176716025718,1.412954300283624
2014-07-01,1.3630461584361366,1.4162471206674723
2014-07-02,1.3638055017375212,1.4137904713234475
2014-07-03,1.3658399563067307,1.4142859997570782
2014-07-07,1.3626527650668796,1.4103563405570498
2014-07-08,1.3564776715484332,1.4068032747271157
2014-07-09,1.3606023766943967,1.4086523719998227
2014-07-10,1.3570493709250833,1.4067049659419417
2014-07-11,1.3592115943207825,1.4051924011065762
2014-07-14,1.3646808355370812,1.4067836583368678
2014-07-15,1.3627484958892961,1.4005968994692448
2014-07-16,1.3669443084379693,1.404342768001034
2014-07-17,1.3565947693133371,1.4012934520675293
2014-07-18,1.3667502533257354,1.4068595080468376
2014-07-21,1.3644356503090773,1.407702764355482
2014-07-22,1.3690685643352287,1.409999837719301
2014-07-23,1.3721557700774278,1.4124789087962157
2014-07-24,1.3718384203165113,1.4093534731399167
2014-07-25,1.3674442852268105,1.4085593991039287
2014-07-28,1.369098148246583,1.4083759933573705
2014-07-29,1.3660410020735507,1.4054902355021643
2014-07-30,1.366435364046798,1.401300567925194
2014-07-31,1.349439327639737,1.3853690097491873
2014-08-01,1.3486802928980248,1.385249220862592
2014-08-04,1.3556192223524877,1.391097909397859
2014-08-05,1.3457658175907552,1.3833755351350938
2014-08-06,1.3444807232217033,1.3843958035641306
2014-08-07,1.341902305602882,1.3842424326789105
2014-08-08,1.3501991020613138,1.3891941191143478
2014-08-11,1.3566154241512984,1.3936026757982087
2014-08-12,1.3557662540646904,1.3903790919038084
2014-08-13,1.36412045709017,1.396599754826708
2014-08-14,1.3667952118535185,1.3951352531436314
2014-08-15,1.3674918054861511,1.3971346183628082
2014-08-18,1.3758722863172872,1.3993998694702146
2014-08-19,1.3797985679584501,1.3999739798464452
2014-08-20,1.381136792928049,1.3987739880602905
2014-08-21,1.3810848121167074,1.400182253633557
2014-08-22,1.3788031238585425,1.3981773990132715
2014-08-25,1.3825603747380102,1.4005192289994988
2014-08-26,1.3844099999643162,1.4032166869510048
2014-08-27,1.3859847747497955,1.4048689375096504
2014-08-28,1.3829591626644406,1.404513481547318
2014-08-29,1.3853865740604385,1.407192066891732
2014-09-02,1.3857246088073611,1.399854173997795
2014-09-03,1.3874073485050493,1.4045734134437728
2014-09-04,1.3857396593927576,1.3979060120811257
2014-09-05,1.3924204663802424,1.4003178470811555
2014-09-08,1.3889605698437724,1.3945165850790995
2014-09-09,1.3810996670352516,1.388019906628393
2014-09-10,1.379628927014773,1.3851069645436527
2014-09-11,1.3783847245591392,1.3845943837525359
2014-09-12,1.3662448781204897,1.3741010497425576
2014-09-15,1.361582977319443,1.3718667915584193
2014-09-16,1.3703564036207223,1.379801297835034
2014-09-17,1.3686460742269102,1.374274412328294
2014-09-18,1.3703124271871399,1.374734805625681
2014-09-19,1.3682758908652946,1.3714954428515347
2014-09-22,1.358436949683081,1.36332220379995
2014-09-23,1.3537426282620826,1.3616768342428223
2014-09-24,1.3612954528310244,1.3668915795148582
2014-09-25,1.3460834311151952,1.357347014054389
2014-09-26,1.3541205255173743,1.3612745113892266
2014-09-29,1.3485053301850716,1.3598563299000694
2014-09-30,1.3467954137446294,1.3510468683275358
2014-10-01,1.3413977903044174,1.3447253391627503
2014-10-02,1.341041212265888,1.345069644320675
2014-10-03,1.3482109931137591,1.3437584728861898
2014-10-06,1.347854218657424,1.3495152996796702
2014-10-07,1.3403309778703927,1.3410604083300683
2014-10-08,1.3546666912923513,1.3532986555758348
2014-10-09,1.3448463877715378,1.337150349781345
2014-10-10,1.3361430734812076,1.3281994932495798
2014-10-13,1.3288451692185215,1.3273549013020778
2014-10-14,1.3332604614367165,1.325917415683541
2014-10-15,1.328715703743318,1.323378391190408
2014-10-16,1.3271578780434679,1.3242007045600006
2014-10-17,1.3340428371116142,1.3299298036981582
2014-10-20,1.3435621142034995,1.3363748793506058
2014-10-21,1.3565008332347335,1.3457548509044666
2014-10-22,1.353094977028011,1.3364810468724364
2014-10-23,1.3607385324419325,1.3440349195852108
2014-10-24,1.3647147010194438,1.3460120836600074
2014-10-27,1.366281822483583,1.34427509429336
2014-10-28,1.372610826558694,1.3550589665605548
2014-10-29,1.3691412458196277,1.352466126900658
2014-10-30,1.3733875590061695,1.3531693910646978
2014-10-31,1.3812203956142246,1.356941411120956
2014-11-03,1.3952919036117424,1.3512154210642964
2014-11-04,1.399256074471696,1.3471537291007332
2014-11-05,1.3919584930565847,1.347004563040752
2014-11-06,1.3986017931420764,1.3432524422899186
2014-11-07,1.3965292872928186,1.3505077555357656
2014-11-10,1.4063956809286937,1.3465683676633666
2014-11-11,1.4058083685420766,1.3501068595744095
2014-11-12,1.4098288064969544,1.346620429007836
2014-11-13,1.4223977353333999,1.3425041883727509
2014-11-14,1.4131204528830614,1.3497215955436783
2014-11-17,1.4136099100312147,1.3447415698553873
2014-11-18,1.4266042638884617,1.3485470035783624
2014-11-19,1.4200991631563684,1.34303097276869
2014-11-20,1.4178834146470372,1.3488662337644144
2014-11-21,1.4163237409225944,1.3573620085686733
2014-11-24,1.4278831248913382,1.3580756883663219
2014-11-25,1.4395475495267338,1.356313306787942
2014-11-26,1.446545136789763,1.3600470164732417
2014-11-28,1.4802337402480954,1.339845568972049
2014-12-01,1.4576726996752303,1.3428121570035327
2014-12-02,1.4766010068305393,1.3369006949832154
2014-12-03,1.480320444149824,1.338686014439188
2014-12-04,1.48324573538309,1.3376674227032612
2014-12-05,1.4909763746978264,1.3326578898165644
2014-12-08,1.5040903040426121,1.3242286371862015
2014-12-09,1.5045744859120203,1.3304879423471603
2014-12-10,1.507167540907122,1.317578356226889
2014-12-11,1.522697832701463,1.3134675995173777
2014-12-12,1.5249429058714143,1.3021818898088786
2014-12-15,1.5326633870029422,1.2863458966761485
2014-12-16,1.5193493491863979,1.2866816837601776
2014-12-17,1.5426932346621962,1.2968369794043413
2014-12-18,1.5753208429408907,1.3033416838970564
2014-12-19,1.5511032418383601,1.3128483907662416
2014-12-22,1.581384915651521,1.3096642722371894
2014-12-23,1.5652114027366213,1.3092861027588696
2014-12-24,1.5762464454392586,1.3067204155498275
2014-12-26,1.5880231680345496,1.310442764051793
2014-12-29,1.6017386794572555,1.3062621484709114
2014-12-30,1.5966718018425994,1.305005394131751
2014-12-31,1.5834122593323583,1.2984737595141427
2015-01-02,1.5872697447564987,1.2946876536283844
2015-01-05,1.5808020257806743,1.2814179958985
2015-01-06,1.5783656686581176,1.2737144500777504
2015-01-07,1.5889005884886325,1.2820675529501329
2015-01-08,1.5995938959098714,1.290666787345706
2015-01-09,1.5969935250539546,1.2885169180109186
2015-01-12,1.5944086687938441,1.2805266920592022
2015-01-13,1.5930716962243736,1.2813281921504727
2015-01-14,1.5929749738658454,1.2855376473809403
2015-01-15,1.5895629028429432,1.2800917506490717
2015-01-16,1.596796116777078,1.292983764690335
2015-01-20,1.5980606284415881,1.2889082704463923
2015-01-21,1.5991588572457578,1.2941132589091544
2015-01-22,1.6132689317526543,1.3001103889201453
2015-01-23,1.6136102434126605,1.294905441609228
2015-01-26,1.6160782298341065,1.2963548534907208
2015-01-27,1.6050307386047347,1.2966853672251917
2015-01-28,1.600154530645363,1.2849498450485617
2015-01-29,1.6049169797548166,1.2874194414114688
2015-01-30,1.5970762523497242,1.29090135218635
2015-02-02,1.601726432599823,1.3017892256501569
2015-02-03,1.608704942568058,1.316636759064297
2015-02-04,1.607023799998653,1.3051480377587983
2015-02-05,1.6142023158616567,1.3167281940803774
2015-02-06,1.6011007695007557,1.3055949603664807
2015-02-09,1.5974921684911951,1.3058060601625863
2015-02-10,1.605102306134367,1.3030837943163276
2015-02-11,1.6055866398896503,1.2972885774860712
2015-02-12,1.614689618530803,1.3118291646994131
2015-02-13,1.615793309018872,1.3178881950782737
2015-02-17,1.6136876815957375,1.3159213760687596
2015-02-18,1.617861712774669,1.3150597922862848
2015-02-19,1.6129460181981237,1.3110586217735387
2015-02-20,1.6189690093350382,1.3120404048346077
2015-02-23,1.6227512919651492,1.3088082699006824
2015-02-24,1.620293322832413,1.3110037026922368
2015-02-25,1.6202201816800859,1.3167516134312718
2015-02-26,1.6172453119706094,1.309792810867248
2015-02-27,1.6180537480573596,1.311876523122014
2015-03-02,1.6196667337122315,1.3113678567761335
2015-03-03,1.6102476027305908,1.3094167001926513
2015-03-04,1.5911668441174942,1.3068017629662434
2015-03-05,1.6012332256901365,1.3053021373081768
2015-03-06,1.5941151090615606,1.2841363007933309
2015-03-09,1.5968949227481235,1.287065461366829
2015-03-10,1.5940681600984379,1.2727621923297847
2015-03-11,1.5976593326096475,1.2722196704030142
2015-03-12,1.6212149963239149,1.2773946497303976
2015-03-13,1.6340218752717517,1.2664026509835344
2015-03-16,1.6594675550953562,1.2715328156463666
2015-03-17,1.6714607369083176,1.269536683424233
2015-03-18,1.6608270577383017,1.2944502366083135
2015-03-19,1.6802717479812685,1.2826958181160735
2015-03-20,1.6835176183658491,1.2982421338388812
2015-03-23,1.6709258718051088,1.304085850539104
2015-03-24,1.6655034896058736,1.3025801372477888
2015-03-25,1.625823198957976,1.296163800132494
2015-03-26,1.5983276326843283,1.2973861561479112
2015-03-27,1.6310035107657959,1.2922261550685707
2015-03-30,1.6422765604663,1.2980198338502231
2015-03-31,1.6448663644498362,1.2898747559186532
2015-04-01,1.6207443279454663,1.3004480045597597
2015-04-02,1.624926595780981,1.3034965239540652
2015-04-06,1.609119964098489,1.3174323272773736
2015-04-07,1.585021032407328,1.3170258490957558
2015-04-08,1.6160133686036477,1.313430103858843
2015-04-09,1.6141230239399675,1.3101003711757604
2015-04-10,1.6077918661698396,1.3156615422404543
2015-04-13,1.602843018861647,1.3127126511386922
2015-04-14,1.5947624757788512,1.3170543874786849
2015-04-15,1.5754435955539856,1.327904194388295
2015-04-16,1.5704509880949733,1.332037769886847
2015-04-17,1.5594639164701434,1.3253374831246088
2015-04-20,1.5678995626996397,1.3264892296337152
2015-04-21,1.5790793612413458,1.3252601166989417
2015-04-22,1.5853751089944486,1.3247595290226923
2015-04-23,1.5790498781429252,1.3330658978923822
2015-04-24,1.58514020784296,1.3348928480219764
2015-04-27,1.5831015081974449,1.3349868560891087
2015-04-28,1.5829476697928135,1.3365630067708034
2015-04-29,1.5590224209705401,1.332745036841823
2015-04-30,1.5339786654810554,1.3263501804617028
2015-05-01,1.5438086078067217,1.3290089936354894
2015-05-04,1.547564131591068,1.3294338298742983
2015-05-05,1.5336642514925685,1.32395828413351
2015-05-06,1.5283294596090704,1.321815921985338
2015-05-07,1.531636585804143,1.3189838022860982
2015-05-08,1.5439344510340895,1.3305330009710814
2015-05-11,1.5391710400212928,1.3218408444344518
2015-05-12,1.5357752094658097,1.3251027630895333
2015-05-13,1.5368831517561554,1.3275290218363838
2015-05-14,1.54914102442379,1.3374863124061205
2015-05-15,1.5512175632414125,1.3419905033718345
2015-05-18,1.553555331176211,1.3382405199444067
2015-05-19,1.5532456839493096,1.3269339180696855
2015-05-20,1.5535372048235279,1.3282843155131527
2015-05-21,1.5544796931579274,1.3345888193086177
2015-05-22,1.5532777012565735,1.329898125187614
2015-05-26,1.5403058650255765,1.3161665480988942
2015-05-27,1.5505758296460952,1.3195106018478093
2015-05-28,1.545871497425207,1.3187867669615003
2015-05-29,1.5383438591077807,1.3199188996132762
2015-06-01,1.5421200712504481,1.3188245917454697
2015-06-02,1.5320442843551882,1.3222513192259269
2015-06-03,1.544325821713931,1.3171696261999044
2015-06-04,1.5487395082759734,1.3085693826606406
2015-06-05,1.5406398709544813,1.3045092609989088
2015-06-08,1.5388591119178403,1.3032272505301448
2015-06-09,1.5238950238739886,1.3041278682685429
2015-06-10,1.5262470163373485,1.3150858370284453
2015-06-11,1.53361730652891,1.3159608063235342
2015-06-12,1.5329839330885107,1.3105912179859283
2015-06-15,1.5309905988737171,1.3072769391165173
2015-06-16,1.5355679685080803,1.3112612756818602
2015-06-17,1.5391470187660068,1.3141269454153017
2015-06-18,1.5497784813759292,1.3231080775270845
2015-06-19,1.55311002149575,1.3185558229724235
2015-06-22,1.5524365374752136,1.3204662717100466
2015-06-23,1.544940955081245,1.3214519029337364
2015-06-24,1.5436682134424566,1.3159433293038325
2015-06-25,1.544870741694596,1.312411895009747
2015-06-26,1.5435966060425048,1.3098048439628103
2015-06-29,1.531302221051495,1.2968501572798692
2015-06-30,1.525243535947806,1.300912363737575
2015-07-01,1.5288979905558324,1.2973488318742128
2015-07-02,1.5277004560697096,1.2975511469477554
2015-07-06,1.5281239753009312,1.2845591655697965
2015-07-07,1.5314890860568509,1.2847129426460278
2015-07-08,1.5193019821771783,1.2724856339343809
2015-07-09,1.518737517312944,1.2768810329191111
2015-07-10,1.5279939018212467,1.287004153970546
2015-07-13,1.537940171018589,1.288735988191718
2015-07-14,1.543228885474312,1.2928749204042849
2015-07-15,1.5430314043140188,1.2870411028188518
2015-07-16,1.5505248270279628,1.2903474205897751
2015-07-17,1.5535987559819344,1.2886379501016023
2015-07-20,1.5526593251869976,1.2814668278774022
2015-07-21,1.5508886988623178,1.2829668877203593
2015-07-22,1.5486665699978244,1.2749874981040603
2015-07-23,1.5442438708387312,1.270149148376771
2015-07-24,1.5346949241244385,1.2634452169325234
2015-07-27,1.5295661210601972,1.2558713697464616
2015-07-28,1.5366919659633682,1.2623937446765414
2015-07-29,1.5399290889499622,1.2673923243971996
2015-07-30,1.5423528933027757,1.2645706701706125
2015-07-31,1.5446901922219025,1.26520634356584
2015-08-03,1.5408829535838293,1.2574196935418709
2015-08-04,1.5394181392405863,1.256183520829089
2015-08-05,1.544420352583775,1.2547440013936306
2015-08-06,1.5331054239291075,1.2500914868895352
2015-08-07,1.5299524969965044,1.2483293171345355
2015-08-10,1.5427397542851113,1.259356533735091
2015-08-11,1.5303996960871646,1.2517170868719043
2015-08-12,1.5292191785267362,1.2513771006244598
2015-08-13,1.5273908862342214,1.2461757713560573
2015-08-14,1.5309155040534403,1.246279066451544
2015-08-17,1.5369673078044213,1.247552751834367
2015-08-18,1.5306462697552965,1.243754841892367
2015-08-19,1.5216238562108446,1.23703342328211
2015-08-20,1.495513340417649,1.2282827964724374
2015-08-21,1.4671633632473806,1.2130039894782783
2015-08-24,1.4275814435698082,1.1836075775984984
2015-08-25,1.424156809987673,1.1802362539366826
2015-08-26,1.4585057525616345,1.1941050986303603
2015-08-27,1.4789625333767724,1.2189654342558474
2015-08-28,1.4810962741518185,1.227946836769158
2015-08-31,1.4729154376215083,1.2318371275521305
2015-09-01,1.4671109713136756,1.206953932658188
2015-09-02,1.4724671144982768,1.217504898259583
2015-09-03,1.4730850412124559,1.219026455122664
2015-09-04,1.4718138314114175,1.2068351844403846
2015-09-08,1.4755833670565455,1.2205018681105415
2015-09-09,1.4739232554135921,1.2100053833349156
2015-09-10,1.4757060404870759,1.217559112613624
2015-09-11,1.4787148532413796,1.2198364101630417
2015-09-14,1.4776615058425764,1.2148524954671824
2015-09-15,1.4749752676884051,1.2191439284317562
2015-09-16,1.4767586181149885,1.2343783683508833
2015-09-17,1.4831604174505404,1.2384442566169744
2015-09-18,1.4822882395519301,1.2249075921522294
2015-09-21,1.4786755710057762,1.227056821262168
2015-09-22,1.477844442886669,1.2162822210752648
2015-09-23,1.4774108447364194,1.211221136579602
2015-09-24,1.4769222649813658,1.2128763905417224
2015-09-25,1.4718996966181392,1.211561035370295
2015-09-28,1.466551918233811,1.1947685391738945
2015-09-29,1.467154565528563,1.1972051246109745
2015-09-30,1.4735807171927071,1.207529249783602
2015-10-01,1.4788719258907548,1.208387183864401
2015-10-02,1.4792219117932435,1.2229857952253873
2015-10-05,1.4740435337613529,1.2351145994885384
2015-10-06,1.4533733587307498,1.2423550289993388
2015-10-07,1.4607719487383588,1.2485119633491186
2015-10-08,1.4478930622609119,1.2556406110456295
2015-10-09,1.4485212538911052,1.2589097462308576
2015-10-12,1.4706977881646555,1.2543890586825956
2015-10-13,1.4759076674857137,1.2467804047466793
2015-10-14,1.4778413400917991,1.2494620744172773
2015-10-15,1.4769572152540618,1.2582522595249774
2015-10-16,1.4755826056161236,1.2592000882169554
2015-10-19,1.4894049628086514,1.2547251867965021
2015-10-20,1.49103869227693,1.2532862199377723
2015-10-21,1.5015803794193532,1.246069535878582
2015-10-22,1.5036884157138926,1.2541082275057436
2015-10-23,1.5059199474302953,1.2552406145693522
2015-10-26,1.5152044844944172,1.251772545421417
2015-10-27,1.5220332587777237,1.2474457891640285
2015-10-28,1.490546626507242,1.2564984354579787
2015-10-29,1.4879619368617767,1.2505598716098347
2015-10-30,1.4825682980822905,1.2512431793445777
2015-11-02,1.4935722223386136,1.2583370548553092
2015-11-03,1.491976451796037,1.262661132460777
2015-11-04,1.4898074376673283,1.2540337782222608
2015-11-05,1.4894279119013711,1.2503423355017118
2015-11-06,1.480243297073001,1.2400321427424825
2015-11-09,1.4711291707655765,1.2305009088539143
2015-11-10,1.4739185717857812,1.2308538623272542
2015-11-11,1.4727783299826194,1.227010301320792
2015-11-12,1.4649690320540594,1.2166070054502776
2015-11-13,1.4553330875369999,1.2072563197949593
2015-11-16,1.4661948678081718,1.2173173711144618
2015-11-17,1.466236279737369,1.2115494169739613
2015-11-18,1.477840673600981,1.220173118934383
2015-11-19,1.4790944852567511,1.2232467555064617
2015-11-20,1.4840959758162704,1.224899793498443
2015-11-23,1.483842385269341,1.2244294776988458
2015-11-24,1.482929802606489,1.2299193231022365
2015-11-25,1.4841336899432558,1.2302567799357431
2015-11-27,1.4871398282038666,1.2244929113226342
2015-11-30,1.4838465483456074,1.221967318428584
2015-12-01,1.4928224546194369,1.231000347212526
2015-12-02,1.4991250226935666,1.2166243714093037
2015-12-03,1.473931695444721,1.2141962125131944
2015-12-04,1.5009911322025258,1.2222060223553868
2015-12-07,1.5250988747058385,1.2080548308067098
2015-12-08,1.524397612958496,1.2040257720534315
2015-12-09,1.5217249091285001,1.1990209919445585
2015-12-10,1.5290313360674281,1.195740581727742
2015-12-11,1.5306967480503761,1.18370966180081
2015-12-14,1.529210500037997,1.183055037997359
2015-12-15,1.526054072281098,1.1894118689307378
2015-12-16,1.5549416734492518,1.1958233640752611
2015-12-17,1.557248110907253,1.1841747400538076
2015-12-18,1.5481502804836662,1.1791513272215404
2015-12-21,1.5549057874867291,1.1841084955621402
2015-12-22,1.5547113749020844,1.1879375118324682
2015-12-23,1.5413455459835457,1.2000532776353385
2015-12-24,1.539776277351241,1.2014613702654058
2015-12-28,1.5549836738034046,1.1952302553793694
2015-12-29,1.549431285714177,1.2032156110364054
2015-12-30,1.5575785233711938,1.1941704635144108
2015-12-31,1.5467226528719875,1.1897380804150106
2016-01-04,1.535749790641419,1.1804248486282272
2016-01-05,1.54007179618441,1.1781862433878598
2016-01-06,1.5348187622349865,1.1679709379287748
2016-01-07,1.5145525025826518,1.154344181454512
2016-01-08,1.5070079428695229,1.1465697894559863
2016-01-11,1.5082946176662946,1.1375021446147422
2016-01-12,1.5128293650026898,1.1385592493419123
2016-01-13,1.4941176566884649,1.1271463074447705
2016-01-14,1.5030782648665442,1.1330085031677362
2016-01-15,1.4875054867180075,1.1150653282666727
2016-01-19,1.4888575536068633,1.1121396212797565
2016-01-20,1.4790760744010727,1.103470697540357
2016-01-21,1.481866985128075,1.1091079546240619
2016-01-22,1.5013017805022775,1.1317087298084123
2016-01-25,1.4917269834359603,1.116650137155606
2016-01-26,1.5034180300304725,1.1325117135550546
2016-01-27,1.4901045330376785,1.1297169156619753
2016-01-28,1.4937537858292338,1.1381722573370026
2016-01-29,1.5126573763778415,1.1523896200499024
2016-02-01,1.5122768092513688,1.1445992083447785
2016-02-02,1.5159472955647229,1.1286963055090757
2016-02-03,1.5200310337695953,1.1447744803090232
2016-02-04,1.5231781296862954,1.146021629281793
2016-02-05,1.5213702481994,1.1327239171386894
2016-02-08,1.525912252146767,1.1230170609592913
2016-02-09,1.5269358085398819,1.1119049488186779
2016-02-10,1.5289508294474312,1.1120532120956965
2016-02-11,1.5327849126277018,1.1119925102763104
2016-02-12,1.5265097197749717,1.1231606500353184
2016-02-16,1.520670426821167,1.128258477938204
2016-02-17,1.519249034237168,1.1438017454290366
2016-02-18,1.5225605811595944,1.1434316997863179
2016-02-19,1.5234481666955257,1.1416540292808377
2016-02-22,1.521723822766482,1.152430443080965
2016-02-23,1.5234797001361529,1.1419328861756814
2016-02-24,1.5241090283486236,1.1463108201523333
2016-02-25,1.5279122433606513,1.1555775919820788
2016-02-26,1.5236722657989448,1.1520809650732278
2016-02-29,1.523723555156307,1.154808041798023
2016-03-01,1.5174974339256915,1.1688379237552844
2016-03-02,1.5201912218490217,1.1755652059176376
2016-03-03,1.5269026519397075,1.182158428876889
2016-03-04,1.524704503974007,1.1909867497335158
2016-03-07,1.524730114819948,1.1975434567252634
2016-03-08,1.5274798559615559,1.1855670767345037
2016-03-09,1.5237466364137284,1.1931635198353905
2016-03-10,1.527259349505736,1.1936617214272782
2016-03-11,1.5225653963351307,1.2050718321225824
2016-03-14,1.5197958220566858,1.1989234290864184
2016-03-15,1.5193359414089216,1.1926095583188954
2016-03-16,1.5307717817271058,1.2095134214304877
2016-03-17,1.5314616885899761,1.220917151723035
2016-03-18,1.5327085107082712,1.221616587732297
2016-03-21,1.5298192300858098,1.2213279677427544
2016-03-22,1.5288571644936786,1.2207801511388392
2016-03-23,1.52566066430846,1.2071663020468029
2016-03-24,1.5240256474882354,1.2050863929846687
2016-03-28,1.5255236225760072,1.2072006234964012
2016-03-29,1.5362803359476027,1.2186237327302625
2016-03-30,1.532002833089347,1.2188277528184723
2016-03-31,1.535560503110476,1.2194541585013274
2016-04-01,1.5534354826124293,1.2149643730621835
2016-04-04,1.563166354312695,1.2078964702709953
2016-04-05,1.560952448631961,1.2030405625743825
2016-04-06,1.5382362445309707,1.2142804126408144
2016-04-07,1.5431165438794174,1.2078477505397058
2016-04-08,1.5192492494157999,1.2191710790340167
2016-04-11,1.5104659516817784,1.2235101832584905
2016-04-12,1.4978623992100495,1.233792778239382
2016-04-13,1.5027905882206665,1.2388753899094829
2016-04-14,1.4981058166261854,1.2349068631506444
2016-04-15,1.5120068877332369,1.234123818068181
2016-04-18,1.5178611134912516,1.2374210893558575
2016-04-19,1.5105999587213597,1.2470919444744295
2016-04-20,1.490553419628106,1.248247598159367
2016-04-21,1.4869419153962151,1.2433855504375426
2016-04-22,1.484437994598407,1.2414750932951188
2016-04-25,1.4947732688395834,1.2383353883047128
2016-04-26,1.4855496009193343,1.2445642262078978
2016-04-27,1.474587289718512,1.2509359635339774
2016-04-28,1.4742400423430815,1.249596202596387
2016-04-29,1.472481107929243,1.2504388662844266
2016-05-02,1.4739784032592254,1.2509743732333345
2016-05-03,1.4748100549341359,1.2394236878937808
2016-05-04,1.4767419927556955,1.2360443169332616
2016-05-05,1.4786542341789124,1.2357210773963854
2016-05-06,1.482369057784145,1.2397055337556167
2016-05-09,1.479362481338742,1.2331456152499778
2016-05-10,1.4809405943225442,1.2456232462045143
2016-05-11,1.4794472077605418,1.2467934310163866
2016-05-12,1.477451939321795,1.2454278602210171
2016-05-13,1.4779956638429985,1.2400115009733956
2016-05-16,1.4784315882202557,1.2500686540156807
2016-05-17,1.474968333915742,1.246091501384321
2016-05-18,1.46260255909068,1.237322610624514
2016-05-19,1.460213682423556,1.2335181710611638
2016-05-20,1.4622555182136725,1.2394428879868313
2016-05-23,1.4619256260427262,1.2372239642569887
2016-05-24,1.4597033718866015,1.2444375719677883
2016-05-25,1.4597359059727892,1.2515284233179638
2016-05-26,1.460550226787498,1.2527891280983725
2016-05-27,1.458879268820616,1.2537440811970462
2016-05-31,1.4606362409021894,1.2529190724086439
2016-06-01,1.459024401583582,1.2555355567091246
2016-06-02,1.4636592411287466,1.2579361214024076
2016-06-03,1.4743238617811512,1.2661502748275542
2016-06-06,1.4652685210456131,1.2716721521433412
2016-06-07,1.4608345162049714,1.276894242486336
2016-06-08,1.4601335262033834,1.2853781689651815
2016-06-09,1.468294253539615,1.280825655876723
2016-06-10,1.4795986325691197,1.2676243933071594
2016-06-13,1.483047744743496,1.2622448295055702
2016-06-14,1.4819553111572388,1.2572979022157775
2016-06-15,1.4967143249674395,1.259137829300054
2016-06-16,1.5093717306973349,1.254531205619079
2016-06-17,1.489457473715126,1.261178600697108
2016-06-20,1.4801668449477865,1.2695643511042527
2016-06-21,1.477493967476248,1.267996535265156
2016-06-22,1.483134249090589,1.2666999948412632
2016-06-23,1.4771984481766494,1.2792162989391427
2016-06-24,1.5001293860829747,1.2501345139283504
2016-06-27,1.5057405108877004,1.239602284313811
2016-06-28,1.503534467563661,1.25655292800292
2016-06-29,1.499805115874613,1.2717741083163172
2016-06-30,1.516950717584215,1.2783301858911311
2016-07-01,1.5146611372515124,1.2867025594625814
2016-07-05,1.544379633738388,1.2740173760126654
2016-07-06,1.5393017557849766,1.2783770110621793
2016-07-07,1.5563839408171654,1.2690061375197135
2016-07-08,1.5636593779176806,1.2818069198059914
2016-07-11,1.568705405422349,1.2828138237949926
2016-07-12,1.5374537142999458,1.2920026816402763
2016-07-13,1.5609290068852613,1.2883875772930569
2016-07-14,1.5497830024120447,1.291275019504234
2016-07-15,1.5417642049236107,1.2897729835778662
2016-07-18,1.5499493208264323,1.2903340601776814
2016-07-19,1.557910538441547,1.286427173211571
2016-07-20,1.5519874309353894,1.2877874406376735
2016-07-21,1.5678405380576392,1.2853298382520728
2016-07-22,1.5708335708710568,1.286370370734458
2016-07-25,1.5813988884596033,1.280044863204395
2016-07-26,1.5835425472700013,1.2810243231056668
2016-07-27,1.5968584939299548,1.2825586616043743
2016-07-28,1.6091220397215913,1.2808561984946867
2016-07-29,1.612371425107832,1.2887061191464837
2016-08-01,1.6298764558617895,1.28200623034269
2016-08-02,1.6264459842176706,1.2756118526604374
2016-08-03,1.6077334000867851,1.2813153026340525
2016-08-04,1.601526669884077,1.2856841287249514
2016-08-05,1.598816577159149,1.287795187077486
2016-08-08,1.5872125534681345,1.2914927590637981
2016-08-09,1.592712558415232,1.2950075220931134
2016-08-10,1.6066775493587826,1.2914960090832346
2016-08-11,1.5807629542465338,1.2978235388975305
2016-08-12,1.569000089608393,1.3021812348976631
2016-08-15,1.559972204204918,1.3091080470093373
2016-08-16,1.5484591658843956,1.3085919510872446
2016-08-17,1.5462830119718025,1.310128930594254
2016-08-18,1.5363515947528534,1.3182181398349033
2016-08-19,1.5295899479210529,1.3139418814575474
2016-08-22,1.5470558754010035,1.3098802779617664
2016-08-23,1.5447232757634317,1.3127857190686147
2016-08-24,1.5493175075074486,1.3048981777563984
2016-08-25,1.54475243206619,1.3062972139417843
2016-08-26,1.540444856422588,1.3012791931310672
2016-08-29,1.550670291676495,1.3046412124411786
2016-08-30,1.552780849641666,1.300041654689255
2016-08-31,1.5671841885949982,1.2923919941567101
2016-09-01,1.583756782526157,1.2910741671873927
2016-09-02,1.5874992111099508,1.299328902943491
2016-09-06,1.5934020360408048,1.3097541624097653
2016-09-07,1.5889372857707753,1.312604064909343
2016-09-08,1.563068749354079,1.3139372487921543
2016-09-09,1.5484503699796885,1.2885545838101555
2016-09-12,1.554828732009303,1.2963844578258212
2016-09-13,1.5461584325184796,1.279370951608997
2016-09-14,1.5613025262669913,1.2779986070859368
2016-09-15,1.566420636339015,1.285032941798556
2016-09-16,1.5696864261416779,1.2804948495649202
2016-09-19,1.577802576884165,1.2828214771568482
2016-09-20,1.5723300335429315,1.2844754899889828
2016-09-21,1.575735000079599,1.3009405346361642
2016-09-22,1.5817542213274407,1.310845879759595
2016-09-23,1.5924362829248437,1.3031596567374206
2016-09-26,1.5744519379706343,1.3019112243849054
2016-09-27,1.5880315668528824,1.3008634351037824
2016-09-28,1.569866244489689,1.311535167794039
2016-09-29,1.5480716321955348,1.3069126156195205
2016-09-30,1.5474193111784598,1.3105367304111055
2016-10-03,1.5401510844682327,1.3097922653345984
2016-10-04,1.5264729699426096,1.300678893998503
2016-10-05,1.5217377056571277,1.304277254244117
2016-10-06,1.5126300888829727,1.3039358874446083
2016-10-07,1.5160187617834189,1.3005108525632385
2016-10-10,1.511041833027057,1.3083510517941683
2016-10-11,1.4984882007434177,1.2960428449891472
2016-10-12,1.5037968004000748,1.2947800746348275
2016-10-13,1.4966071070031697,1.2949366096695802
2016-10-14,1.4967777789448502,1.2921744085713924
2016-10-17,1.4989235019507712,1.2922754174903397
2016-10-18,1.5058495339627849,1.2995422805779342
2016-10-19,1.5017793028463262,1.3048217523744392
2016-10-20,1.5080060364744972,1.2998050519135742
2016-10-21,1.507009447790411,1.3005669822092654
2016-10-24,1.5143581738413507,1.3022535364277443
2016-10-25,1.5213697837942237,1.2995644089008496
2016-10-26,1.5187015730097788,1.291839465362586
2016-10-27,1.5077282308224627,1.2873123396462272
2016-10-28,1.5135811244552668,1.2847438362580648
2016-10-31,1.5364736407129336,1.282074699397051
2016-11-01,1.5269224659385887,1.2780881418834689
2016-11-02,1.5134128259127875,1.270034878868075
2016-11-03,1.5074488476388186,1.265074209046351
2016-11-04,1.5022842703204222,1.26344552801815
2016-11-07,1.5296612650454566,1.2757133438070758
2016-11-08,1.5345839213303134,1.2764634668520958
2016-11-09,1.5410491726246887,1.2735896664929616
2016-11-10,1.5320312420117266,1.2634136116267296
2016-11-11,1.529831983945003,1.2556705921293958
2016-11-14,1.5332688554789644,1.2536823698467203
2016-11-15,1.5494109472256297,1.265972540833015
2016-11-16,1.547437756426082,1.261816314726102
2016-11-17,1.5544484208797613,1.2606936569334997
2016-11-18,1.5574436593703551,1.25973162451732
2016-11-21,1.5702097124228096,1.2717632076839624
2016-11-22,1.5775370764895726,1.2754990721991109
2016-11-23,1.5794977619292263,1.2709456274807023
2016-11-25,1.5787291224918398,1.2689830730152731
2016-11-28,1.5758894724575032,1.2708107676040952
2016-11-29,1.569805196966326,1.267594148800787
2016-11-30,1.5763358100876723,1.2731800959985915
2016-12-01,1.5659509738942112,1.2721865540308903
2016-12-02,1.5667999746366996,1.2772144870083713
2016-12-05,1.5775574799058878,1.2829348156637295
2016-12-06,1.5835618751753642,1.2851214646469977
2016-12-07,1.5980638520708714,1.2927859955094159
2016-12-08,1.6048847433803626,1.2952764830844279
2016-12-09,1.6078656942279448,1.2954216685269486
2016-12-12,1.6014341320472294,1.2965524041574146
2016-12-13,1.6099787952751772,1.3016240566756452
2016-12-14,1.5951725615328138,1.2840185982581171
2016-12-15,1.5993244152997579,1.2814542599350618
2016-12-16,1.5959573796398019,1.2846897701170206
2016-12-19,1.5976317072883128,1.2866277236054975
2016-12-20,1.6031129953860959,1.2895772638887064
2016-12-21,1.5991263766638426,1.2860614488894937
2016-12-22,1.5921132864151015,1.2832665895271715
2016-12-23,1.5958243711669273,1.2869822347671263
2016-12-27,1.6004319271202931,1.2918587890143882
2016-12-28,1.5951836706967293,1.2900635894200976
2016-12-29,1.5995603087275907,1.295590605373269
2016-12-30,1.59260108995568,1.2951328376701943
2017-01-03,1.5923304966229785,1.29554415737099
2017-01-04,1.5997329016154977,1.3055375980831745
2017-01-05,1.5953719543181033,1.3129014660297744
2017-01-06,1.597723469972924,1.3096721391071187
2017-01-09,1.5801361170896808,1.3053187599867904
2017-01-10,1.5761808369159258,1.303875362099218
2017-01-11,1.587297798717927,1.310746693526446
2017-01-12,1.59046047949642,1.3145732767820633
2017-01-13,1.5888083300120954,1.3145419893624115
2017-01-17,1.5814133570226878,1.3162204299245632
2017-01-18,1.577057065812314,1.3096256088311151
2017-01-19,1.5720087812691048,1.3058935045709696
2017-01-20,1.5814640956640438,1.3123646788152372
2017-01-23,1.5757890444320528,1.3161630412091143
2017-01-24,1.5843724666089738,1.319410942667108
2017-01-25,1.5851736342099354,1.3208784400795794
2017-01-26,1.5939036764870533,1.3206733675082556
2017-01-27,1.5861549071795298,1.3181590716664486
2017-01-30,1.576098902769597,1.3119030266910785
2017-01-31,1.5760137554403355,1.3175821305009758
2017-02-01,1.5808408964250216,1.318924456118441
2017-02-02,1.5800845437986575,1.3210998300405035
2017-02-03,1.5868364931934784,1.3260952557851862
2017-02-06,1.5828364517074716,1.3240238578344536
2017-02-07,1.5814112862374774,1.3205477152246121
2017-02-08,1.582797695026992,1.3245909090346153
2017-02-09,1.5907491729844871,1.3275759118277415
2017-02-10,1.5978635955586937,1.3335233104376671
2017-02-13,1.5985599261354304,1.331777679570571
2017-02-14,1.6018994822341617,1.3320030918978043
2017-02-15,1.6070501703345985,1.3353985289699457
2017-02-16,1.6041704315205387,1.3371025207700464
2017-02-17,1.6051150150760551,1.336518320527942
2017-02-21,1.6100177242158669,1.3418309750739374
2017-02-22,1.6071991343807293,1.3400365525322855
2017-02-23,1.6055580817904405,1.3435166344772982
2017-02-24,1.6057164208796402,1.3432270157719701
2017-02-27,1.6085209878086402,1.343544548372577
2017-02-28,1.6036332518501917,1.3401660698025863
2017-03-01,1.6201153615631463,1.3443889483062998
2017-03-02,1.6086569128193646,1.3329203398511602
2017-03-03,1.6113020484622846,1.3373620749438773
2017-03-06,1.6080536722207293,1.3337921659268304
2017-03-07,1.605194982186575,1.3296125723082797
2017-03-08,1.6006766507314358,1.31628252171033
2017-03-09,1.597914988200329,1.3109726013808984
2017-03-10,1.6044344724993431,1.3125637808962394
2017-03-13,1.609622167358312,1.3137161594842106
2017-03-14,1.6049079740265835,1.3089837784382725
2017-03-15,1.6207490865414165,1.326277515597296
2017-03-16,1.6220999024673628,1.3272144551372569
2017-03-17,1.6221320020235357,1.328666189740657
2017-03-20,1.624155861750313,1.3295969742976688
2017-03-21,1.6050433612314638,1.3219922877367418
2017-03-22,1.609022130978318,1.3242496968358624
2017-03-23,1.609720645566886,1.3236234318391207
2017-03-24,1.6110121633237515,1.3261803116360589
2017-03-27,1.6109211798930738,1.3269839528954364
2017-03-28,1.6176741977555236,1.3302618214487751
2017-03-29,1.6206658311073214,1.3357248044534624
2017-03-30,1.622691492924806,1.3363615071585566
2017-03-31,1.620288497781826,1.3374371902256061
2017-04-03,1.6181231869932102,1.3371340338861375
2017-04-04,1.618797501442918,1.339398094559661
2017-04-05,1.6117929275601524,1.3373081305553958
2017-04-06,1.616961085404054,1.3403022245735017
2017-04-07,1.618105863289541,1.3399858419083144
2017-04-10,1.6179523112696668,1.3434025591722536
2017-04-11,1.617237895548345,1.3477683610255462
2017-04-12,1.6099317497763306,1.3474040264510887
2017-04-13,1.605020688634245,1.3452010547437512
2017-04-17,1.6149991056187813,1.3492823750932796
2017-04-18,1.6059866814076906,1.3495397980816377
2017-04-19,1.6060022584660627,1.3410145425883735
2017-04-20,1.617697693203705,1.3447181474039764
2017-04-21,1.616700899092223,1.340676849055455
2017-04-24,1.6232563263644435,1.3470073534709988
2017-04-25,1.6291668988477936,1.3513911703593897
2017-04-26,1.6304622362408663,1.34973032174515
2017-04-27,1.6334122841302472,1.3493010943228083
2017-04-28,1.6290996165061604,1.3475430164407474
2017-05-01,1.635631805718298,1.3484807095798625
2017-05-02,1.6368266980264317,1.346496616664959
2017-05-03,1.6318854659747195,1.3406681271393395
2017-05-04,1.6287445391678461,1.3317405618107234
2017-05-05,1.635103579116499,1.3401855127527993
2017-05-08,1.6344144280062605,1.3365347012881401
2017-05-09,1.6386545504387902,1.3343504753065483
2017-05-10,1.6430205325909475,1.3414619499227451
2017-05-11,1.640833079057659,1.3419317551164314
2017-05-12,1.6406699498905868,1.3443957801921913
2017-05-15,1.648326775560077,1.3512963958675057
2017-05-16,1.6496471762105553,1.3532169041516795
2017-05-17,1.6244785107970694,1.3496395942820472
2017-05-18,1.6244241915895132,1.3493624075681814
2017-05-19,1.6349071296759574,1.3609066162884276
2017-05-22,1.6409807569898787,1.3652150186465712
2017-05-23,1.6431279671775953,1.3649450955457618
2017-05-24,1.64642558011318,1.3675065082364808
2017-05-25,1.6518365103355617,1.3616045238556762
2017-05-26,1.6532480136095966,1.3653838520627801
2017-05-30,1.6494456563183535,1.3628101994273243
2017-05-31,1.6467509120258572,1.3590344060762032
2017-06-01,1.6544883434855497,1.3628272666875856
2017-06-02,1.6634012016758897,1.3695317097661233
2017-06-05,1.6611749647590404,1.3655912005912934
2017-06-06,1.6584034449094944,1.3687096851774685
2017-06-07,1.6598174604071454,1.3616404454371374
2017-06-08,1.6614837156976996,1.361556801048835
2017-06-09,1.650460674999013,1.358603604852513
2017-06-12,1.646237927681448,1.3567169611048884
2017-06-13,1.6536011938430355,1.3618844094681015
2017-06-14,1.6516894857411677,1.355856908257699
2017-06-15,1.6438637231148208,1.3506624076881981
2017-06-16,1.6456151574642597,1.3528966517206815
2017-06-19,1.6568636204626135,1.3540482090209829
2017-06-20,1.647098654279927,1.3463510237546827
2017-06-21,1.6501605515825537,1.3437470074941344
2017-06-22,1.6513799331861216,1.3464946034671874
2017-06-23,1.65508580803934,1.351363525311468
2017-06-26,1.6572038557479676,1.3532679963638592
2017-06-27,1.6461707820402876,1.3514908822306346
2017-06-28,1.6576456894712708,1.3596539254529456
2017-06-29,1.6435124351568442,1.3522464256469315
2017-06-30,1.6456560707721526,1.3573280106057708
2017-07-03,1.6463503004763624,1.35816785575628
2017-07-05,1.6475973923562643,1.3527445394810624
2017-07-06,1.6364788972539126,1.346676918014398
2017-07-07,1.6429486824484452,1.3450457955561317
2017-07-10,1.6470144730542953,1.347021702217437
2017-07-11,1.6516952743427646,1.3523587808323274
2017-07-12,1.6652504955387202,1.3605097029828817
2017-07-13,1.6684173125147836,1.3627104854387821
2017-07-14,1.6769271707331204,1.371661751672344
2017-07-17,1.6758280748946532,1.3707874547452898
2017-07-18,1.678171558393385,1.3754326054382997
2017-07-19,1.6865417808984258,1.3821112623226428
2017-07-20,1.6879975934143865,1.3822968526301211
2017-07-21,1.6851812739488026,1.3788448461549236
2017-07-24,1.6870266849192617,1.3808236554231723
2017-07-25,1.6886190522431337,1.384499518848921
2017-07-26,1.6921999600123199,1.3915650277914748
2017-07-27,1.6861792806414482,1.3900638697847711
2017-07-28,1.6853201943371678,1.3934453070295632
2017-07-31,1.6840898541135498,1.3955287081604213
2017-08-01,1.6878353134988213,1.394716182645131
2017-08-02,1.6858091067338854,1.3940655739018417
2017-08-03,1.6821563509658206,1.39125794642288
2017-08-04,1.6855937222333461,1.3918798697153083
2017-08-07,1.6900907360820847,1.3939157003342262
2017-08-08,1.6871420322379544,1.3909963735344615
2017-08-09,1.6810491055339043,1.3920972724482712
2017-08-10,1.658254712309105,1.3788942758559133
2017-08-11,1.6610327601686914,1.381973038010518
2017-08-14,1.6742809691098728,1.3837743067878987
2017-08-15,1.6721909411916327,1.3805441418179563
2017-08-16,1.677492710885841,1.3826518009422972
2017-08-17,1.659083380677295,1.3752997383628227
2017-08-18,1.6621289652146969,1.3813653148715859
2017-08-21,1.6625421341028706,1.3795780863112044
2017-08-22,1.6747869193864398,1.3845490346777911
2017-08-23,1.6747032104872934,1.3892314317906893
2017-08-24,1.675005237685453,1.3859051712155617
2017-08-25,1.6786980073753373,1.3903791318600198
2017-08-28,1.6798073525888957,1.3902039026689799
2017-08-29,1.6793129806836473,1.3894007653957037
2017-08-30,1.6847096324149604,1.3899336528788073
2017-08-31,1.6934924762281796,1.4023320256172251
2017-09-01,1.694533648031328,1.403291062654671
2017-09-05,1.6874299086756575,1.404992022174004
2017-09-06,1.692043272642089,1.4085412977704728
2017-09-07,1.6998939846179952,1.4141293172898157
2017-09-08,1.6955145705448336,1.4074375485699555
2017-09-11,1.7034120175563339,1.4118725198231115
2017-09-12,1.7050294269209636,1.4129974887759216
2017-09-13,1.70010137229576,1.4125355631429728
2017-09-14,1.7002919895992266,1.4147955218938477
2017-09-15,1.7043843015811648,1.4182084994563826
2017-09-18,1.7055122123389503,1.4169501963689974
2017-09-19,1.7092423967144765,1.4167692046587295
2017-09-20,1.7035315565825964,1.4156078561835888
2017-09-21,1.7022120457962198,1.4128339958685008
2017-09-22,1.7014023039167314,1.4138029875491434
2017-09-25,1.689115503493364,1.4171271468895628
2017-09-26,1.6870130016716012,1.4137893346115817
2017-09-27,1.687739711187232,1.4132917228941766
2017-09-28,1.6890019223283361,1.4143241382655638
2017-09-29,1.6972314393624592,1.4167201540251975
2017-10-02,1.7009509043831874,1.4134339703075263
2017-10-03,1.7079557666205367,1.4167679561850743
2017-10-04,1.7066565411473908,1.4166358539189023
2017-10-05,1.7124549382082375,1.4212633054764616
2017-10-06,1.7107207492122716,1.4159264743383249
2017-10-09,1.70902978254609,1.4170341899085714
2017-10-10,1.7159048936283814,1.425512397827211
2017-10-11,1.7186878057492174,1.4292557448621916
2017-10-12,1.7175277432898481,1.4279632373356412
2017-10-13,1.7224383672192618,1.4343534853743196
2017-10-16,1.7228019015492653,1.433700250472982
2017-10-17,1.719985540990902,1.431778977320112
2017-10-18,1.7226402192100794,1.431819860613599
2017-10-19,1.7179276841664326,1.429696267124759
2017-10-20,1.720847219684853,1.4300646494777172
2017-10-23,1.7135738656372257,1.4264998751263462
2017-10-24,1.7151826431548471,1.4280699120346314
2017-10-25,1.7107744578577349,1.4248231124450368
2017-10-26,1.7083750458044606,1.422243864753678
2017-10-27,1.724183612111936,1.4338845481200928
2017-10-30,1.720480536585941,1.4347421551222324
2017-10-31,1.7278288231281047,1.4380144040946232
2017-11-01,1.7296882035063714,1.4383985466661933
2017-11-02,1.729845948092857,1.4421019342529855
2017-11-03,1.7309015835513417,1.4445851149967543
2017-11-06,1.7355965346563156,1.4546734147628635
2017-11-07,1.7322930402566383,1.4516281053541984
2017-11-08,1.737097757168566,1.453198966029004
2017-11-09,1.7309724754950366,1.4516849655238384
2017-11-10,1.7313634851827977,1.4478372679546336
2017-11-13,1.7303422986278179,1.4472287421840988
2017-11-14,1.725548902055811,1.443054452668717
2017-11-15,1.7177372220029266,1.4399708863281753
2017-11-16,1.7341099688373647,1.4464630380147652
2017-11-17,1.731773470157795,1.4525379269973469
2017-11-20,1.7350997254536122,1.450086073307819
2017-11-21,1.7466358756081273,1.458905695205832
2017-11-22,1.7466626813850101,1.4646085150603165
2017-11-24,1.7507885842114677,1.4687825700998174
2017-11-27,1.7438276956194605,1.463615564864175
2017-11-28,1.7516248267900347,1.4670688899109705
2017-11-29,1.741698843315564,1.4594709866167286
2017-11-30,1.745518875934204,1.459132182501494
2017-12-01,1.7446675602239254,1.461570474656067
2017-12-04,1.7361943554712307,1.4550034081718395
2017-12-05,1.7364683720134004,1.452369701334726
2017-12-06,1.7230877187316533,1.4454941136799062
2017-12-07,1.730183606433091,1.4474970796461308
2017-12-08,1.7413343112535258,1.4527163226025517
2017-12-11,1.7492720745479742,1.4557326992380324
2017-12-12,1.7434216187130085,1.4525582525637564
2017-12-13,1.7437830059732586,1.456605526141684
2017-12-14,1.7425318951430002,1.45422391917489
2017-12-15,1.7474679951489256,1.4590434955986085
2017-12-18,1.7577559416726534,1.4657390752835215
2017-12-19,1.7574523838281422,1.4613231664913093
2017-12-20,1.7612180769536478,1.4614112723293666
2017-12-21,1.7648048693413665,1.4640269068188976
2017-12-22,1.7681884700268016,1.4668969975821733
2017-12-26,1.7736566444851918,1.4722548644686184
2017-12-27,1.772015827455123,1.4754048124417314
2017-12-28,1.7766549616297531,1.4796309431634624
2017-12-29,1.7765894965051459,1.4808231423321452
2018-01-02,1.791689462882786,1.4887928138721258
2018-01-03,1.806737295642136,1.495113510608441
2018-01-04,1.8109573693664522,1.4973811162552522
2018-01-05,1.817447594914862,1.4996862980219472
2018-01-08,1.8210754100309996,1.5008340976302013
2018-01-09,1.8261882613184717,1.49992653382591
2018-01-10,1.8257293120373574,1.4990501956433324
2018-01-11,1.8327175811500647,1.505194286240675
2018-01-12,1.844532238706694,1.5138770733472025
2018-01-16,1.8385091459400333,1.5111780593744797
2018-01-17,1.8497923727879564,1.5158263539742365
2018-01-18,1.849188823471259,1.5125610948950208
2018-01-19,1.8533135721845075,1.5162764310434513
2018-01-22,1.8628157578606166,1.5224570366852352
2018-01-23,1.8725917584847536,1.5311443190217482
2018-01-24,1.8794191478601454,1.5359627425684996
2018-01-25,1.8752687221363473,1.5334798146608841
2018-01-26,1.8931562591098405,1.5419567552818205
2018-01-29,1.8810727003093124,1.5320810577425656
2018-01-30,1.8652210126956454,1.5215013597615377
2018-01-31,1.871600835602677,1.52658219420629
2018-02-01,1.873473364446013,1.5256608813756825
2018-02-02,1.8485243286802855,1.5050668843833443
2018-02-05,1.7996423420785912,1.4761494192886644
2018-02-06,1.825070949326206,1.485237106815774
2018-02-07,1.8024431918998578,1.4712807486591162
2018-02-08,1.758757181310723,1.4443897695946035
2018-02-09,1.768685655922785,1.448620854859458
2018-02-12,1.78452931883708,1.4591114300471606
2018-02-13,1.7878865019482313,1.463066951741163
2018-02-14,1.817224296016704,1.4793601218354573
2018-02-15,1.8374717151235747,1.491062727717081
2018-02-16,1.8350986662551192,1.4923163106178596
2018-02-20,1.830175297863128,1.4843568518895638
2018-02-21,1.8264408419273295,1.4777635494339445
2018-02-22,1.8340595815569702,1.4845391089785587
2018-02-23,1.8539348254999344,1.4984136754792348
2018-02-26,1.8666390897400407,1.5068701253666055
2018-02-27,1.8454294504008872,1.48862092392263
2018-02-28,1.8269932910208542,1.4783781535638274
2018-03-01,1.8177270780972163,1.4731130475655256
2018-03-02,1.8250995579537534,1.4778999066880043
2018-03-05,1.8323236272250452,1.4858555806045068
2018-03-06,1.8334759152254412,1.492444432853133
2018-03-07,1.8260005702797484,1.490434898340215
2018-03-08,1.8214077473065577,1.4891010718436934
2018-03-09,1.8449243410748195,1.5023920958347472
2018-03-12,1.8416381450412507,1.5037082327811275
2018-03-13,1.8279985526736455,1.4985924754351077
2018-03-14,1.8274312123281002,1.4988567750219624
2018-03-15,1.8273471179130907,1.4967328580489576
2018-03-16,1.8282270898574566,1.4992564129234756
2018-03-19,1.818717885445741,1.4902650613724733
2018-03-20,1.8308633236087848,1.4929536246147188
2018-03-21,1.8442029129857582,1.501454090110361
2018-03-22,1.814989637626232,1.4839031812223347
2018-03-23,1.8101794671674656,1.4763118266781166
2018-03-26,1.832363228762404,1.4940038021520734
2018-03-27,1.806057354995882,1.4821919981814142
2018-03-28,1.7884582483621798,1.4798128739376093
2018-03-29,1.8057992736305846,1.4904702806141568
2018-04-02,1.7782570638869422,1.4735583967110026
2018-04-03,1.7882261284421206,1.4797650247346268
2018-04-04,1.7922353933172728,1.4857124011853262
2018-04-05,1.796548723738868,1.4884174537271166
2018-04-06,1.7724466147429412,1.475303655637676
2018-04-09,1.7852943692322116,1.4822178140360323
2018-04-10,1.8153780521745708,1.4982796083232006
2018-04-11,1.8208698584456762,1.5012701901345604
2018-04-12,1.8249479056021123,1.501237415867189
2018-04-13,1.8209970258884627,1.5005240992957134
2018-04-16,1.8187247657686982,1.5028074437531536
2018-04-17,1.8271421194945394,1.5107201511681456
2018-04-18,1.8476815781692357,1.5177918345021215
2018-04-19,1.838977880417054,1.5096846942386482
2018-04-20,1.8288307407543822,1.5002093950308988
2018-04-23,1.829222638535267,1.4982858251536617
2018-04-24,1.8137689162242174,1.490300609857794
2018-04-25,1.8131767074240939,1.4876656748619517
2018-04-26,1.827246153880883,1.4963260229744988
2018-04-27,1.8283061243914223,1.4997846536250259
2018-04-30,1.8268298348250493,1.4953857759371025
2018-05-01,1.8235539736783108,1.4926679502586442
2018-05-02,1.820442313189342,1.4903098669129162
2018-05-03,1.8238170800886349,1.4930074429916953
2018-05-04,1.8396847307821849,1.503446587783372
2018-05-07,1.8408058527787547,1.5053008682296642
2018-05-08,1.8432122378124278,1.5048463548213395
2018-05-09,1.8586299626430172,1.5119186841723395
2018-05-10,1.8701690758909042,1.5225903836304033
2018-05-11,1.8636175850018597,1.5208910363969608
2018-05-14,1.8711492788625244,1.5208119645154028
2018-05-15,1.86468691988314,1.5092867865705941
2018-05-16,1.876096893335363,1.5133465420201107
2018-05-17,1.8712038718271502,1.510989495247971
2018-05-18,1.8634053115721554,1.509712759391553
2018-05-21,1.8747685799595852,1.5179517407412775
2018-05-22,1.8735940879614283,1.515951250675037
2018-05-23,1.8743208554273723,1.5180302039313036
2018-05-24,1.8639048262577105,1.5159286867992066
2018-05-25,1.844629462944891,1.5089761086200564
2018-05-29,1.8226635649293221,1.5009826058957523
2018-05-30,1.8414804486406713,1.5138074998466875
2018-05-31,1.8339849221197402,1.5084082865695265
2018-06-01,1.8339244727984967,1.5100617398981855
2018-06-04,1.8335580820876713,1.51172632521711
2018-06-05,1.8381207360621357,1.5140120876756507
2018-06-06,1.8441752421899267,1.5187998747746057
2018-06-07,1.8433753257447436,1.5184161543287116
2018-06-08,1.8430119961415745,1.5178812888507653
2018-06-11,1.8469156516754872,1.5201758200760258
2018-06-12,1.851202122471884,1.5204403986248451
2018-06-13,1.8535280700641688,1.5180947129848554
2018-06-14,1.8543673375434229,1.5187893678632456
2018-06-15,1.833729013170341,1.5082990472047357
2018-06-18,1.8434728775271307,1.509178677529125
2018-06-19,1.8341380057600207,1.50342213740859
2018-06-20,1.843831696867043,1.5063397406193915
2018-06-21,1.834835746114288,1.5015752576494372
2018-06-22,1.8564640172314903,1.5138425281727936
2018-06-25,1.833555541315989,1.5007958596693056
2018-06-26,1.8512797516989419,1.5071803221848619
2018-06-27,1.8498695067395985,1.5021946221128697
2018-06-28,1.8586407782880043,1.5077722079834455
2018-06-29,1.8678305019566306,1.5153053050006822
2018-07-02,1.8632648312392872,1.5092087822757763
2018-07-03,1.8595421810969175,1.5112637687341763
2018-07-05,1.8661186853110359,1.5182263232156301
2018-07-06,1.8794382635809328,1.5274625946385663
2018-07-09,1.8877030274136368,1.533500936071906
2018-07-10,1.886569672425113,1.5329539524853062
2018-07-11,1.853948017407425,1.5143679865793063
2018-07-12,1.8646516124828434,1.52273432889131
2018-07-13,1.8663428525833263,1.5235374341098582
2018-07-16,1.8454256237203577,1.5142248944750725
2018-07-17,1.8494424842914754,1.5145579858488465
2018-07-18,1.856129013624945,1.516058359757081
2018-07-19,1.8571106894260592,1.5155772757816404
2018-07-20,1.8584909821382056,1.5178099917014696
2018-07-23,1.8597050115582272,1.5149197195806883
2018-07-24,1.8625302745144554,1.5188185216544923
2018-07-25,1.8770158585765748,1.529903226423046
2018-07-26,1.874942797162684,1.5254524161922556
2018-07-27,1.8596690213521223,1.519415985546697
2018-07-30,1.859869135536329,1.5187116277761294
2018-07-31,1.8579741534734553,1.5223243001220628
2018-08-01,1.858208376380628,1.5158744673726474
2018-08-02,1.876011585989985,1.5181539531452704
2018-08-03,1.873260128172872,1.5217518023142194
2018-08-06,1.8820282656386875,1.5219970815621418
2018-08-07,1.8849701878309313,1.5260124254540632
2018-08-08,1.8727896875750598,1.5202802384407388
2018-08-09,1.873344532171554,1.5188344389661463
2018-08-10,1.8726945357783433,1.512359541808047
2018-08-13,1.876032658345115,1.505629716408377
2018-08-14,1.8824207124900314,1.5091006646428449
2018-08-15,1.8698847650286272,1.4935136211247964
2018-08-16,1.8800045313577347,1.50048477516305
2018-08-17,1.8788684698338878,1.5073134170634783
2018-08-20,1.8790636772892495,1.5116892540601676
2018-08-21,1.8848434350227683,1.5167088371846893
2018-08-22,1.8959825492017153,1.5245809638391647
2018-08-23,1.8994308490771123,1.5190363572810193
2018-08-24,1.9001038700442747,1.5304064334142244
2018-08-27,1.9060691643282772,1.5371118794545253
2018-08-28,1.9099600599997235,1.53533227119741
2018-08-29,1.9192932739564226,1.542614983456695
2018-08-30,1.9219527805230492,1.5373006079030591
2018-08-31,1.9234328485901904,1.5367014618474584
2018-09-04,1.9169376312710775,1.5277004994294574
2018-09-05,1.9087360356545202,1.5228207863562175
2018-09-06,1.8981091415966251,1.5194406863154037
2018-09-07,1.8955448369685477,1.5135238278033853
2018-09-10,1.8960211845921124,1.515192182044775
2018-09-11,1.9093222007152089,1.5202291997553923
2018-09-12,1.911736260864191,1.5248906211409419
2018-09-13,1.9108022411981733,1.5267051628632962
2018-09-14,1.911522780806313,1.5233496843909564
2018-09-17,1.9006889589946558,1.5200496284643374
2018-09-18,1.9116950766908682,1.525421161866099
2018-09-19,1.9162707332805347,1.528251654317979
2018-09-20,1.9226570638298432,1.5363318240182047
2018-09-21,1.922536105477551,1.5360920749305507
2018-09-24,1.9276322221594566,1.5351007370659797
2018-09-25,1.9287367128279045,1.5368680583549377
2018-09-26,1.9213434100579205,1.5331342181429102
2018-09-27,1.928487200469611,1.5350218267023625
2018-09-28,1.9352236663785665,1.5385070899499995
2018-10-01,1.942015478523157,1.5409972249167077
2018-10-02,1.9356683227110114,1.538601196336155
2018-10-03,1.9436661382616165,1.5374898249987072
2018-10-04,1.9225101957761932,1.5223007835181854
2018-10-05,1.9124019495690197,1.5166168109892186
2018-10-08,1.909443293306045,1.514733714576853
2018-10-09,1.911720674407384,1.5168272358103927
2018-10-10,1.8675000283260799,1.4915218955073064
2018-10-11,1.840869405103332,1.4794008703512798
2018-10-12,1.8580351963016455,1.4887202988564434
2018-10-15,1.853694794927991,1.4874591339372372
2018-10-16,1.8809173940934893,1.5050217618498196
2018-10-17,1.8716774317473632,1.496166253867858
2018-10-18,1.8474698586299132,1.4810857213597317
2018-10-19,1.8471279579827085,1.4844068331646492
2018-10-22,1.8470833667165354,1.4828551950524234
2018-10-23,1.8260037354507455,1.4725238238049612
2018-10-24,1.7898935807474157,1.4535952255457578
2018-10-25,1.8166985477827284,1.467183044861333
2018-10-26,1.8021387991143998,1.460098967645321
2018-10-29,1.78732698626184,1.4518082957881009
2018-10-30,1.8018688090202108,1.4599571994064855
2018-10-31,1.8078863422207276,1.459810348532923
2018-11-01,1.803424481740843,1.4700188313436742
2018-11-02,1.791544870256869,1.464770298309633
2018-11-05,1.794943474775321,1.4671912394245392
2018-11-06,1.7945333729766701,1.4683637665938547
2018-11-07,1.8047384289789818,1.4807065289231436
2018-11-08,1.7956280971964014,1.4711338850761264
2018-11-09,1.7839257164659843,1.460173806874998
2018-11-12,1.7679602544329533,1.445409134601633
2018-11-13,1.7403953136836716,1.437092117351592
2018-11-14,1.7469950378735843,1.4399082850586105
2018-11-15,1.7506331793136258,1.4469713350154934
2018-11-16,1.7574623487288583,1.4529953407373357
2018-11-19,1.7492573618318858,1.4437891415371633
2018-11-20,1.7092722034971277,1.4195051634318958
2018-11-21,1.721082108005401,1.429748141231997
2018-11-23,1.6910545382735478,1.415317071878707
2018-11-26,1.7032951129771547,1.4256529706569425
2018-11-27,1.7043429276590616,1.424523323890295
2018-11-28,1.7077105570490387,1.4366904185839933
2018-11-29,1.7149883683717249,1.4384817682571334
2018-11-30,1.7148975745967707,1.4384441818314129
2018-12-03,1.7002755818328972,1.457124842901471
2018-12-04,1.6800690160231762,1.4380646149933265
2018-12-06,1.7006446882024455,1.43697678115396
2018-12-07,1.672646971672246,1.4282618180821116
2018-12-10,1.691050965485987,1.4205581140712142
2018-12-11,1.6821304573525373,1.4238340842545991
2018-12-12,1.6865425628613826,1.4266565211959608
2018-12-13,1.6702384919901445,1.4309802911174134
2018-12-14,1.6750326658165644,1.4149546095343961
2018-12-17,1.6698598155831565,1.398886182336223
2018-12-18,1.7063583881147637,1.393387661264813
2018-12-19,1.6803013255221864,1.3857953914780767
2018-12-20,1.681683884484586,1.3770630620573339
2018-12-21,1.6709171436773587,1.3609515171792987
2018-12-24,1.6608112081219586,1.3451635697845428
2018-12-26,1.6690779935959537,1.3771607657049074
2018-12-27,1.687821426963424,1.3770586209692244
2018-12-28,1.6945373277366615,1.379031657888355
2018-12-31,1.6947276195930139,1.3844704997315251
2019-01-02,1.6969297468316156,1.3855345645138684
2019-01-03,1.7038466878821452,1.3802964264386086
2019-01-04,1.6982215291432263,1.4020941935115392
2019-01-07,1.698261127178995,1.4105501201084942
2019-01-08,1.697613863093665,1.4200301195332206
2019-01-09,1.7011693867149127,1.4356565746614585
2019-01-10,1.6977869915227983,1.4381213871168899
2019-01-11,1.7005198839828972,1.4351701906643366
2019-01-14,1.6997323878710715,1.427324484004136
2019-01-15,1.698848639815281,1.4372948290117251
2019-01-16,1.7001771527157383,1.442165918034053
2019-01-17,1.699602342792943,1.4459081499583688
2019-01-18,1.696171227788321,1.454174970072851
2019-01-22,1.6989425847471817,1.4428931481118326
2019-01-23,1.6987850179037263,1.443988552924437
2019-01-24,1.7005038475235763,1.4484618320128957
2019-01-25,1.7039655058580188,1.4599100472185293
2019-01-28,1.704635900779042,1.4521841945092753
2019-01-29,1.7086870599949013,1.4568394984766926
2019-01-30,1.714096042017935,1.4729206736582359
2019-01-31,1.7194016150771052,1.4793738957383986
2019-02-01,1.7144188092516472,1.4797700693272116
2019-02-04,1.714065668611847,1.4821375853361503
2019-02-05,1.718408289708249,1.4852510484156602
2019-02-06,1.7139627838626048,1.4806935325214239
2019-02-07,1.7179195118016746,1.4722669064440796
2019-02-08,1.7202867714371173,1.4727257776411462
2019-02-11,1.7185342058943276,1.4704314393724514
2019-02-12,1.717431397682878,1.4795837785051447
2019-02-13,1.7161152187624635,1.480870176963898
2019-02-14,1.7205082556511906,1.4852196205825763
2019-02-15,1.7242316353596157,1.4961682068450195
2019-02-19,1.7295981738657937,1.5019798178098198
2019-02-20,1.7266195038468197,1.5044343354191119
2019-02-21,1.721700086255204,1.5004312941577083
2019-02-22,1.7266358709452518,1.5077624430560617
2019-02-25,1.7235525904556637,1.5036031757533195
2019-02-26,1.7245974125598003,1.5049680381524924
2019-02-27,1.7196769146026432,1.5043633483547791
2019-02-28,1.7176913305892179,1.5012012913453265
2019-03-01,1.7229269652847803,1.4973298282936929
2019-03-04,1.7187964319039983,1.4980877025836465
2019-03-05,1.719523535912657,1.4999683291588417
2019-03-06,1.721973331340908,1.4937865504467618
2019-03-07,1.7205504648837011,1.4865793267316396
2019-03-08,1.7284496420945665,1.4867786824438085
2019-03-11,1.7257921614413392,1.498689221552597
2019-03-12,1.7292155214109926,1.5038614935655246
2019-03-13,1.7190127041494119,1.5123656238315868
2019-03-14,1.7137007809374518,1.5088467907067789
2019-03-15,1.7172448669061389,1.5152149895137128
2019-03-18,1.7105391831227457,1.5193808487320397
2019-03-19,1.7115936752000696,1.5194842375921935
2019-03-20,1.70944799112267,1.5261334422881745
2019-03-21,1.7161935995202886,1.5307720089645236
2019-03-22,1.7278359054763595,1.513684869951916
2019-03-25,1.7307558241660312,1.5165480856942062
2019-03-26,1.7220559403861346,1.5220068592640852
2019-03-27,1.7265218541960412,1.516578531304542
2019-03-28,1.7248588641323175,1.5178863564209355
2019-03-29,1.7178955128189493,1.5229669885980277
2019-04-01,1.7242203548466768,1.532439948803071
2019-04-02,1.7278619123758132,1.5359314908091242
2019-04-03,1.7291263031519568,1.5382239675401381
2019-04-04,1.72985088176191,1.5393562095462754
2019-04-05,1.7354467543870706,1.5463369738205268
2019-04-08,1.7342202711391796,1.5491219300773873
2019-04-09,1.7307823190609588,1.5454190078443426
2019-04-10,1.7376716631140323,1.5536637867982483
2019-04-11,1.7362480595937013,1.547370410161285
2019-04-12,1.7410322832370513,1.5514928274971675
2019-04-15,1.738840808293573,1.5489890900971945
2019-04-16,1.7327213860782633,1.5466136255432918
2019-04-17,1.7302296599101163,1.5439135205893169
2019-04-18,1.7335346532241314,1.5454268770014046
2019-04-22,1.731192429421287,1.5469509948842082
2019-04-23,1.7426316279480405,1.5548065931117054
2019-04-24,1.744009725957857,1.5523498580862178
2019-04-25,1.744306350304042,1.5494314456488676
2019-04-26,1.749377299062411,1.549738430253736
2019-04-29,1.7463231901027763,1.5504671278482505
2019-04-30,1.7477211362418428,1.5524714612603583
2019-05-01,1.7441293587659559,1.546036121578783
2019-05-02,1.741146456999222,1.5390782769219884
2019-05-03,1.7527695433344794,1.5505432966419483
2019-05-06,1.7490273387768118,1.5482865370362464
2019-05-07,1.7323575976575367,1.5311324659083159
2019-05-08,1.7301178021134513,1.5305460743679327
2019-05-09,1.7285584987691316,1.5268477901393491
2019-05-10,1.7338346907161224,1.5318078132355355
2019-05-13,1.715509716247948,1.5142495463431513
2019-05-14,1.7231941138842888,1.5243163189538924
2019-05-15,1.7320278421476598,1.5312727044580672
2019-05-16,1.7391960919998761,1.5358247727688834
2019-05-17,1.7332809275997645,1.5262562949038034
2019-05-20,1.720960370437262,1.5205330693212005
2019-05-21,1.729611619304194,1.5272306463517296
2019-05-22,1.7287882961026206,1.519896978169075
2019-05-23,1.7215359077766448,1.5058080765542372
2019-05-24,1.7236924173172337,1.5126054931622464
2019-05-28,1.7167706959368143,1.5089048541182901
2019-05-29,1.7088254656661594,1.5044009058930072
2019-05-30,1.7138358948953407,1.5029690456607887
2019-05-31,1.7069542713732113,1.4919790624930418
2019-06-03,1.7094956623278368,1.493811594793619
2019-06-04,1.6936599779681791,1.5056987744489867
2019-06-05,1.6997486612711399,1.5026090101330802
2019-06-06,1.701839025799579,1.510798030079396
2019-06-07,1.702727525144882,1.5225769260094457
2019-06-10,1.6946552425611778,1.5218700886265595
2019-06-11,1.6965439818700592,1.5244247338344399
2019-06-12,1.6983006453918432,1.5160967187382628
2019-06-13,1.695616179038504,1.5241371534638384
2019-06-14,1.7004384469330667,1.520824750177988
2019-06-17,1.6996275429862882,1.5220788429020293
2019-06-18,1.6969455013383314,1.538549380684009
2019-06-19,1.7013906844001432,1.5456045345249965
2019-06-20,1.704081053679465,1.564736369021052
2019-06-21,1.7010779834035767,1.5626327807137
2019-06-24,1.7077657632847205,1.5642715374382177
2019-06-25,1.706130402013062,1.5566516771224383
2019-06-26,1.6995756489147837,1.5573565533264475
2019-06-27,1.696650518933976,1.5642043271429875
2019-06-28,1.691288634647158,1.563952753038005
2019-07-01,1.681013746741066,1.5684510575153887
2019-07-02,1.7176872431611478,1.5660977292051403
2019-07-03,1.7221687080020567,1.5739513189065288
2019-07-05,1.7062689638289579,1.5694978403298003
2019-07-08,1.70366543837124,1.5642254890525609
2019-07-09,1.702320641068017,1.5665510971683945
2019-07-10,1.6914647143573505,1.5810531722618726
2019-07-11,1.682873605244457,1.5766184552748472
2019-07-12,1.687384905889606,1.5802221862606582
2019-07-15,1.697729993253204,1.5777678032039106
2019-07-16,1.7018879086043397,1.569933964845658
2019-07-17,1.7192394207848838,1.5659627387552253
2019-07-18,1.7329445740843803,1.5683837978323887
2019-07-19,1.7163919846419011,1.5622499887629162
2019-07-22,1.7186720545316365,1.5633937507653048
2019-07-23,1.7164211708834984,1.5685472698511715
2019-07-24,1.7313426499982423,1.5708452527114867
2019-07-25,1.7235098775315516,1.5629007489033255
2019-07-26,1.7263190577578145,1.5679383825498454
2019-07-29,1.720427576510608,1.570081533415404
2019-07-30,1.7108489354088174,1.5731733935957988
2019-07-31,1.703745437907549,1.5633754190601623
2019-08-01,1.7375190207146651,1.5525188250583686
2019-08-02,1.723120279012237,1.5489463437652997
2019-08-05,1.7071536960507188,1.529987196533404
2019-08-06,1.7314676695466698,1.5374334000535992
2019-08-07,1.7550401342920883,1.5375415159241355
2019-08-08,1.7686240725603735,1.5525926760302124
2019-08-09,1.7470540428052217,1.5507263283975954
2019-08-12,1.737901850550406,1.5467426235298498
2019-08-13,1.7244113418707525,1.5615739933787676
2019-08-14,1.7223782858400418,1.5379662837565238
2019-08-15,1.7322251026755446,1.5407400602723311
2019-08-16,1.7399733514197242,1.5500322678651957
2019-08-19,1.7353145234283824,1.5570012662262647
2019-08-20,1.7320684042534287,1.5558818246414094
2019-08-21,1.7382862943871586,1.5607811705369636
2019-08-22,1.7417189014023398,1.556402357484973
2019-08-23,1.7414312186606762,1.5414400699723347
2019-08-26,1.752155299189032,1.5474561826137527
2019-08-27,1.740785915111606,1.5507781000174343
2019-08-28,1.733802643217134,1.5571750487984988
2019-08-29,1.7363053456626878,1.566229886646887
2019-08-30,1.7492074221226535,1.5605951263786924
2019-09-03,1.7568301059190252,1.5554144852144582
2019-09-04,1.7622136298967366,1.5743006647502458
2019-09-05,1.7481402061811941,1.5760545111546806
2019-09-06,1.7474132909738156,1.5771348588462057
2019-09-09,1.7401484128698348,1.5803795976878319
2019-09-10,1.729524563623437,1.5759584120726815
2019-09-11,1.7311180258966647,1.5782334681240802
2019-09-12,1.7321335737946086,1.5790120935009881
2019-09-13,1.720594342573855,1.5745122349535865
2019-09-16,1.7290295871144707,1.595478691025565
2019-09-17,1.7344969936056627,1.5920548968872923
2019-09-18,1.7323758554744675,1.5863490155079734
2019-09-19,1.7360711014987855,1.589264520455018
2019-09-20,1.7433711235306661,1.5905649317636088
2019-09-23,1.745754914497415,1.5915677610249148
2019-09-24,1.749476307532078,1.5828421575415998
2019-09-25,1.740290093859145,1.5790021781067187
2019-09-26,1.7439942801819257,1.5786239376782902
2019-09-27,1.7410748752760747,1.5704953878572412
2019-09-30,1.738739973367389,1.5676956814103344
2019-10-01,1.7383768342717947,1.55969507525836
2019-10-02,1.7416789746594326,1.5495048850456297
2019-10-03,1.7488243548516602,1.5571134222997967
2019-10-04,1.7523307562292516,1.5671074452143914
2019-10-07,1.7462861454208813,1.5618922009439735
2019-10-08,1.7477693457246657,1.5528416183646638
2019-10-09,1.7483775538658934,1.5590977068005178
2019-10-10,1.7425827375243728,1.5640871633594646
2019-10-11,1.7380275777617897,1.575117533781786
2019-10-14,1.7411610363098513,1.5716659736022043
2019-10-15,1.7369183930692504,1.5746372020109916
2019-10-16,1.7398227597158824,1.5776563018917946
2019-10-17,1.742275044142134,1.5842040905792794
2019-10-18,1.7450414125029359,1.5821881731699607
2019-10-21,1.7439954664499475,1.5857732550769608
2019-10-22,1.7451391981113171,1.586559917010991
2019-10-23,1.7465533119716534,1.5934850789082702
2019-10-24,1.7489612675278439,1.5970918130820846
2019-10-25,1.7453665218430843,1.6003320038379254
2019-10-28,1.7390219081913754,1.599336755694142
2019-10-29,1.7387004015325909,1.5967602348958276
2019-10-30,1.7446153110021343,1.599642449737378
2019-10-31,1.7509413590389018,1.5978608661507978
2019-11-01,1.7566151659296596,1.6119150916977631
2019-11-04,1.7564849387957717,1.6147126078603646
2019-11-05,1.7463410643768826,1.6105119198164586
2019-11-06,1.7479324867703607,1.6088461960920568
2019-11-07,1.7423673185101995,1.6060037949585533
2019-11-08,1.7418281245811453,1.6056841522300398
2019-11-11,1.7408069164198745,1.6025446129392535
2019-11-12,1.7410168888340498,1.6017037805083685
2019-11-13,1.7448955738733152,1.6032404398756168
2019-11-14,1.7488181585111011,1.605314265723456
2019-11-15,1.7541349947938372,1.6123997095937463
2019-11-18,1.7571037607417739,1.6109289328519083
2019-11-19,1.7580205336584296,1.6079841734187155
2019-11-20,1.7551201127703027,1.6112716798090287
2019-11-21,1.7480449145216925,1.6105617189722294
2019-11-22,1.747348283332543,1.6099784768552616
2019-11-25,1.753074696053497,1.6176445600465164
2019-11-26,1.759532294569508,1.6224062136197963
2019-11-27,1.7624164278133605,1.6229268869846631
2019-11-29,1.7609209205579497,1.6103835219912173
2019-12-02,1.7490030964353092,1.6042495963210088
2019-12-03,1.7452915797256416,1.6066835310898266
2019-12-04,1.7527153202093035,1.617015937550701
2019-12-05,1.7535527812758276,1.6180224801839582
2019-12-06,1.762962862566837,1.6239040992712608
2019-12-09,1.7596068626081165,1.6218457982094852
2019-12-10,1.7572912450595173,1.6231061028488705
2019-12-11,1.7584241235892808,1.6266843766320995
2019-12-12,1.7614066501516301,1.6302963326602258
2019-12-13,1.7650515210510391,1.6355602469034638
2019-12-16,1.775558007214823,1.6427752262311741
2019-12-17,1.7713689514537296,1.644821606255944
2019-12-18,1.775239253889736,1.6467120024349107
2019-12-19,1.7810241655525751,1.6514640089518788
2019-12-20,1.7858156078891556,1.65166559519662
2019-12-23,1.785849044604785,1.6531143708267468
2019-12-24,1.7865593205031443,1.6563120017201967
2019-12-26,1.7940077361239828,1.664115585751655
2019-12-27,1.795058561570812,1.666056710537367
2019-12-30,1.7891600929444584,1.6627761667651542
2019-12-31,1.7937873411454641,1.6628283082699142
2020-01-02,1.802172848587843,1.6707592102792883
2020-01-03,1.8047686299648755,1.673811938217517
2020-01-06,1.807950154925352,1.6764278471008283
2020-01-07,1.8052428370089744,1.6725352163158491
2020-01-08,1.7989699574062439,1.667552537774944
2020-01-09,1.7999258956513198,1.6685425171849495
2020-01-10,1.7950165206602156,1.6697622689999687
2020-01-13,1.7975237796791064,1.6726358426874846
2020-01-14,1.7990244904457529,1.6730644133982542
2020-01-15,1.798812847410902,1.6741968838516843
2020-01-16,1.8113537346364912,1.6808411721868644
2020-01-17,1.8140805815135506,1.683010463304355
2020-01-21,1.8083709910093255,1.6785773767946273
2020-01-22,1.8002470519825247,1.6741875211372563
2020-01-23,1.795061024075615,1.6707599506521618
2020-01-24,1.77956276144376,1.661960592924836
2020-01-27,1.7556069698407555,1.6442583381467273
2020-01-28,1.7702527194004294,1.6518846546777424
2020-01-29,1.766255771587996,1.6518950854049463
2020-01-30,1.7661440476979946,1.6495323263192463
2020-01-31,1.7425254576374634,1.6354538202332043
2020-02-03,1.748352464040795,1.6336584775378806
2020-02-04,1.7591672288062772,1.643174650247422
2020-02-05,1.764180015072794,1.6527230563826523
2020-02-06,1.7707069952203476,1.6565981707770048
2020-02-07,1.7684138641746912,1.6497685761687204
2020-02-10,1.7783814795794832,1.6528135763265808
2020-02-11,1.780434204481784,1.6577149152695865
2020-02-12,1.787705100675729,1.6682382495531145
2020-02-13,1.7908754009371675,1.6676245105128509
2020-02-14,1.7964226207805942,1.6711175289600535
2020-02-18,1.799543569415708,1.6716529112733836
2020-02-19,1.8019447041104129,1.6784790238000422
2020-02-20,1.802419637012073,1.6776858950010478
2020-02-21,1.798450805284259,1.6732271633561104
2020-02-24,1.774495022548579,1.6439255428580668
2020-02-25,1.7427671275721086,1.6176650024971082
2020-02-26,1.7413488014759402,1.6124911249240472
2020-02-27,1.6964911273280223,1.57765846435716
2020-02-28,1.6753606238448195,1.562882502690713
2020-03-02,1.6916187688323168,1.5985517023402893
2020-03-03,1.698242689574092,1.5951267291200175
2020-03-04,1.7109352274114327,1.6186215989877357
2020-03-05,1.7108549054686986,1.598766115567034
2020-03-06,1.711045149866992,1.5743023378194327
2020-03-09,1.6861550997142627,1.4753423882886827
2020-03-10,1.6839347391819421,1.5096010873082892
2020-03-11,1.6574218129437663,1.458163259746555
2020-03-12,1.605563777372802,1.3684125566743586
2020-03-13,1.6311317861623844,1.4246543536139233
2020-03-16,1.5971522131439908,1.3204859141749237
2020-03-17,1.6036791681393572,1.3380044867197851
2020-03-18,1.5716159056203898,1.2645090961037662
2020-03-19,1.5553808319552924,1.280666511407495
2020-03-20,1.5601129615716829,1.2663078831998935
2020-03-23,1.5957841705047384,1.2690290123670402
2020-03-24,1.6347878172875985,1.328505036324891
2020-03-25,1.6426155734490984,1.3524345729639775
2020-03-26,1.662369428177313,1.385103964355039
2020-03-27,1.6520476661030867,1.3579634000597933
2020-03-30,1.6680234375939325,1.3671521780279106
2020-03-31,1.6557981757137241,1.3551009564976393
2020-04-01,1.6372116326756565,1.3239238031390317
2020-04-02,1.5652279013583759,1.3567019035235894
2020-04-03,1.495184467298091,1.364166740817806
2020-04-06,1.5381775335604908,1.403246963904512
2020-04-07,1.5686160925055173,1.3989838283359148
2020-04-08,1.54301242003003,1.4247119224426934
2020-04-09,1.5996330646625343,1.4424255002378346
2020-04-13,1.6064363678765292,1.4356001931954194
2020-04-14,1.6348679194474234,1.4478190719426305
2020-04-15,1.662392606353627,1.4218069977074839
2020-04-16,1.6663629765047867,1.4188016152614926
2020-04-17,1.676702605689376,1.4305677152545484
2020-04-20,1.7319623967974807,1.4051010531275858
2020-04-21,1.8614452621467488,1.3557657709979427
2020-04-22,1.928630458850527,1.361067798384904
2020-04-23,1.90348449048837,1.366460586958712
2020-04-24,1.918941330092156,1.369136079576568
2020-04-27,1.9966706274638393,1.3628331653799608
2020-04-28,2.0152011596098087,1.3617337413280333
2020-04-29,1.9848074656082502,1.3898822476185186
2020-04-30,1.9357025537743897,1.3848779659846093
2020-05-01,1.9287079762954862,1.3628101862329993
2020-05-04,1.9342157405245048,1.3711823162253345
2020-05-05,1.9396297738765866,1.3879316325811417
2020-05-06,1.934448551314697,1.3748755480746375
2020-05-07,1.9482034675439326,1.3851342332257195
2020-05-08,1.949596054070237,1.4050349463964633
2020-05-11,1.9483840788614013,1.3976997006271876
2020-05-12,1.9440068032687488,1.3830778316896162
2020-05-13,1.9440311963734116,1.3710779970324676
2020-05-14,1.9518276253414486,1.381908852257362
2020-05-15,1.9563397384970613,1.3898973490090387
2020-05-18,1.9579954787586693,1.4287407919040889
2020-05-19,1.9610097583175452,1.4232306716737262
2020-05-20,1.9697795122657866,1.44365208746822
2020-05-21,1.9608595344496689,1.4421636704814147
2020-05-22,1.964920657430341,1.4375121466131995
2020-05-26,1.9569299384528251,1.4512576627867004
2020-05-27,1.9600371181832632,1.4575968600787201
2020-05-28,1.961503265510767,1.4574987190641122
2020-05-29,1.9703010930214566,1.4673376255699113
2020-06-01,1.9648693617488708,1.480048437027944
2020-06-02,1.9463720772098176,1.4919356208922996
2020-06-03,1.9383177104329137,1.5033800208764379
2020-06-04,1.9289862298252816,1.502403667510093
2020-06-05,1.9000672530589442,1.5266857024461185
2020-06-08,1.9175854134624921,1.535955299705478
2020-06-09,1.922733585769172,1.5319148760414278
2020-06-10,1.9361163812142022,1.5327002750983119
2020-06-11,1.9563347012638859,1.4760071366300476
2020-06-12,1.958885984403315,1.4898909028616114
2020-06-15,1.9548040073885364,1.5011894385821734
2020-06-16,1.9445160882446204,1.5151447347514102
2020-06-17,1.9537162736308602,1.5106957167754507
2020-06-18,1.9423928339774381,1.5129013765547
2020-06-19,1.9393495736960726,1.5134035598334659
2020-06-22,1.9295192210247463,1.5251454999821257
2020-06-23,1.939687846221665,1.5283014565242876
2020-06-24,1.9609945794999981,1.5009758140105967
2020-06-25,1.9495751360164169,1.5124407684137797
2020-06-26,1.9564147376225187,1.4957170186448505
2020-06-29,1.9427397027349171,1.5126915074006133
2020-06-30,1.9555935991161137,1.5190181740885165
2020-07-01,1.952809010107304,1.5266362204025195
2020-07-02,1.948859518127518,1.5351741102256813
2020-07-06,1.9553955872460693,1.5514071169455703
2020-07-07,1.96019394783673,1.5415205070865936
2020-07-08,1.957785721416533,1.552746397203831
2020-07-09,1.9782651696249312,1.5446084624968102
2020-07-10,1.9654629113412911,1.551996582008109
2020-07-13,1.969034889362633,1.5412599284942987
2020-07-14,1.9671854410122276,1.5522533622547363
2020-07-15,1.9603803746397328,1.5644833007720589
2020-07-16,1.9586153989051875,1.5565241610235372
2020-07-17,1.9638866573087796,1.5622673840410295
2020-07-20,1.9760652555132783,1.568077533228043
2020-07-21,1.965234545917665,1.5774618413364416
2020-07-22,1.9723141195631138,1.5840064637463587
2020-07-23,1.9736951765300301,1.5767608201960794
2020-07-24,1.9718316681364259,1.5728253378806385
2020-07-27,1.9775941249324045,1.5871734224297869
2020-07-28,1.9839326983217311,1.582941061597726
2020-07-29,1.9884271982017274,1.5987134855585488
2020-07-30,2.000690023351555,1.5903395054058687
2020-07-31,2.0077825316688642,1.590876264971273
2020-08-03,2.013225138134521,1.5995874303088047
2020-08-04,2.024535931763988,1.611926212476975
2020-08-05,2.0270370957411563,1.6209102484190965
2020-08-06,2.0383597760328267,1.6272357548490188
2020-08-07,2.026820810047819,1.6195510982751482
2020-08-10,2.022935355391486,1.6222011047508034
2020-08-11,1.9937820070186891,1.6047611817028382
2020-08-12,1.9990369500779872,1.6194483017975665
2020-08-13,2.004217417921437,1.618379579238405
2020-08-14,2.0009202579752765,1.615956355621564
2020-08-17,2.01388302429139,1.629563362351264
2020-08-18,2.022071462070534,1.6315666999081742
2020-08-19,2.0071201874232223,1.619955716086198
2020-08-20,2.0166736954274196,1.6228504134321913
2020-08-21,2.017200338155904,1.6198206460777849
2020-08-24,2.016294924047734,1.6276551957201815
2020-08-25,2.0171303625088446,1.6339143588387166
2020-08-26,2.028816600447523,1.6389700539767782
2020-08-27,2.0195234503464903,1.6335934005940427
2020-08-28,2.0291228291831955,1.644476292377744
2020-08-31,2.0347812845718125,1.639945461947464
2020-09-01,2.050122299999575,1.6486768805198966
2020-09-02,2.068116784855819,1.6499866308146467
2020-09-03,2.0320610340228327,1.6249794034076925
2020-09-04,2.048801885282764,1.6130583121303157
2020-09-08,2.0527990579279285,1.5850070166549954
2020-09-09,2.0640982276218267,1.6037326833648204
2020-09-10,2.0576674145444254,1.5885048297767377
2020-09-11,2.0530472662300547,1.591071849732891
2020-09-14,2.074956824072708,1.604907570014014
2020-09-15,2.071490794817479,1.6140615831407397
2020-09-16,2.0381702347522754,1.6207577413093943
2020-09-17,2.0147860932919173,1.6177991777778196
2020-09-18,2.0074546503974156,1.6093450894424115
2020-09-21,2.010052650100118,1.5863980772930646
2020-09-22,2.0183917824807946,1.5891963973872287
2020-09-23,1.9893062274170983,1.566400282746651
2020-09-24,1.981527492333263,1.5700679660884493
2020-09-25,1.9976592465075527,1.5784345254311989
2020-09-28,2.010963945966671,1.5965863284067496
2020-09-29,2.03100264119733,1.58993341612312
2020-09-30,2.026753495284167,1.5962685422473666
2020-10-01,2.057886496505649,1.6020280545265244
2020-10-02,2.065918816775652,1.5909090955676504
2020-10-05,2.0494877784891403,1.6135887264062703
2020-10-06,2.024287402837694,1.6082525691754037
2020-10-07,2.040308823451157,1.6179973088684394
2020-10-08,2.0333991999630854,1.6309725891782723
2020-10-09,2.0603204723976165,1.6376588118936943
2020-10-12,2.0927202610333953,1.643389631002392
2020-10-13,2.0743294712328164,1.6373116958231517
2020-10-14,2.0563256623176898,1.6354192510220915
2020-10-15,2.053032538880714,1.6337033140788586
2020-10-16,2.0555495016874703,1.63054118765848
2020-10-19,2.0461545286310696,1.6216167666006565
2020-10-20,2.0441492894172923,1.629536422297204
2020-10-21,2.0669565698761065,1.6231655331980372
2020-10-22,2.056256721332046,1.6255837300418512
2020-10-23,2.073546544207515,1.626513962119112
2020-10-26,2.0736963500749974,1.6089808850608245
2020-10-27,2.064511997205347,1.611078990241008
2020-10-28,2.054064523244211,1.5754236479627373
2020-10-29,2.0827562009399774,1.5766175625208592
2020-10-30,2.075806446467042,1.56501619780104
2020-11-02,2.0639341964909605,1.5841283622962197
2020-11-03,2.0693585444757656,1.6019320698365578
2020-11-04,2.0880732457152527,1.6235064502116014
2020-11-05,2.1257487298931403,1.6421973145163173
2020-11-06,2.1443872351114983,1.637047286080289
2020-11-09,2.088519247469707,1.6494049742063324
2020-11-10,2.059731307776676,1.6565225542404654
2020-11-11,2.0684759857419337,1.6632579803589316
2020-11-12,2.07086547030347,1.6550368871474757
2020-11-13,2.0981169390092056,1.6658182994465467
2020-11-16,2.094886825666193,1.6800271842080619
2020-11-17,2.088723617013216,1.680644222174394
2020-11-18,2.0754386954446855,1.673042031254414
2020-11-19,2.0777910122004477,1.6783850973160417
2020-11-20,2.0720691209828845,1.679267289234724
2020-11-23,2.0627656259482916,1.6810400425893515
2020-11-24,2.046131619603219,1.6979643249320209
2020-11-25,2.034240440291418,1.7014852601709074
2020-11-27,2.0411932333850906,1.704663036070753
2020-11-30,2.033508398885561,1.6920533613438518
2020-12-01,2.0522747447638388,1.7044454087629184
2020-12-02,2.054371344095076,1.706857481108755
2020-12-03,2.0609250683902838,1.714577398470946
2020-12-04,2.077622241502246,1.7235190209679214
2020-12-07,2.0792815696344724,1.7239623720335455
2020-12-08,2.086395525468832,1.7272569057188405
2020-12-09,2.0690361641933745,1.7164568613969429
2020-12-10,2.078536854120615,1.7262801237783147
2020-12-11,2.072953430057246,1.7231385245344086
2020-12-14,2.0724995789776917,1.7232202020326761
2020-12-15,2.09427186551286,1.7399573838250628
2020-12-16,2.097287501847238,1.7441519653094923
2020-12-17,2.108498191117196,1.756246188588643
2020-12-18,2.103690005164459,1.7524027651083747
2020-12-21,2.0960814996744386,1.741479263612558
2020-12-22,2.0977111585662604,1.7378893923863201
2020-12-23,2.1030719845451666,1.745933334255288
2020-12-24,2.104279497334655,1.7496888446077736
2020-12-28,2.110813683814979,1.752236603722016
2020-12-29,2.1087965182307133,1.7532607900756014
2020-12-30,2.118011790073795,1.7606973514788984
2020-12-31,2.1199313442802725,1.762825633935891
2021-01-04,2.1071676208296752,1.7538254006400213
2021-01-05,2.1273097051991003,1.7729153840602565
2021-01-06,2.1364654358419135,1.774463763759138
2021-01-07,2.161259752332887,1.7843937266187204
2021-01-08,2.1774659611060025,1.791368481669666
2021-01-11,2.1639065140645206,1.778787479369953
2021-01-12,2.1738907525249296,1.7900136185962472
2021-01-13,2.175602917665533,1.7920676998954892
2021-01-14,2.1833941440667664,1.7987289970808562
2021-01-15,2.1664777732418887,1.784659924147374
2021-01-19,2.1861216783847883,1.7968285976717977
2021-01-20,2.2087163908906007,1.8111818017776073
2021-01-21,2.2094948143801774,1.811179666989796
2021-01-22,2.208142378020711,1.804613063329124
2021-01-25,2.21539017364912,1.812291645467561
2021-01-26,2.20983680872307,1.8109611746706369
2021-01-27,2.171781064411289,1.7898544533973488
2021-01-28,2.178742741090112,1.7922832849041783
2021-01-29,2.1478306404155827,1.7761841940677658
2021-02-01,2.1866527796575697,1.8006380541315794
2021-02-02,2.210724749852766,1.8121474390765924
2021-02-03,2.21881669012755,1.815069187356645
2021-02-04,2.2353054989503938,1.8205511974508835
2021-02-05,2.249352637611301,1.829619217143458
2021-02-08,2.2704720346750316,1.844030583158745
2021-02-09,2.2788372266108117,1.850017967411602
2021-02-10,2.277829894643504,1.8511484599088963
2021-02-11,2.280674894389104,1.8512967491851322
2021-02-12,2.294312739169198,1.8578371564871863
2021-02-16,2.296799686614938,1.8553029570730093
2021-02-17,2.2962317996214616,1.8528188790540803
2021-02-18,2.2766122459340337,1.8433322949087074
2021-02-19,2.2799244518437196,1.8439314761736616
2021-02-22,2.2713635803355565,1.8448638704924805
2021-02-23,2.2717335824801386,1.8466656637266918
2021-02-24,2.290258681312878,1.858214526840784
2021-02-25,2.251961603665675,1.826501672848727
2021-02-26,2.2371147886676446,1.8136993037845057
2021-03-01,2.252272545944071,1.8284456697445397
2021-03-02,2.236120551679735,1.820421464106707
2021-03-03,2.2474878775460563,1.8111699274106687
2021-03-04,2.2552228757847077,1.8012244196233453
2021-03-05,2.2895038986472076,1.8194423522613712
2021-03-08,2.2692972221577903,1.8025648672559131
2021-03-09,2.2795816155019604,1.823641152335877
2021-03-10,2.291681691804256,1.8333980377387598
2021-03-11,2.327323014761555,1.8535937186483245
2021-03-12,2.3233722869031372,1.847996206103472
2021-03-15,2.3227132172316094,1.853837837091309
2021-03-16,2.3121777375698946,1.850632021209594
2021-03-17,2.3169398581837948,1.8555524959910816
2021-03-18,2.2512587942873394,1.8175113708709856
2021-03-19,2.2807843219608435,1.827669356975691
2021-03-22,2.273071266567633,1.8326629242618562
2021-03-23,2.2142306483045933,1.8086690929819236
2021-03-24,2.2262051222971757,1.8099200054718418
2021-03-25,2.2146338253052975,1.8067131723066172
2021-03-26,2.2591537798397447,1.8313088845210699
2021-03-29,2.2517902776327396,1.8234281076120216
2021-03-30,2.2469012980523333,1.8172020256419865
2021-03-31,2.2511699044069555,1.8222914146818239
2021-04-01,2.2763853211985037,1.8448593802829198
2021-04-05,2.261306642416586,1.8451949987075555
2021-04-06,2.2645940305792664,1.8497686544894194
2021-04-07,2.255530192062958,1.8464873571017544
2021-04-08,2.2615264323651307,1.8554393194077596
2021-04-09,2.2568407254781406,1.8532267563829283
2021-04-12,2.25611617748474,1.8517573106973233
2021-04-13,2.2629725695540746,1.862353756934699
2021-04-14,2.294500113991956,1.8697827889620897
2021-04-15,2.3001836583181112,1.88572555447352
2021-04-16,2.302207658273132,1.8872497137904571
2021-04-19,2.297981820669362,1.883042757942677
2021-04-20,2.2783518709212927,1.8747631179029922
2021-04-21,2.279541157378952,1.882195873994159
2021-04-22,2.2822249374471486,1.8784602373023156
2021-04-23,2.303146027927397,1.8919412667409743
2021-04-26,2.3100899796224312,1.8958912521489484
2021-04-27,2.324060626564313,1.8972565447162713
2021-04-28,2.3315309628750143,1.9010619382732032
2021-04-29,2.339850206865453,1.905190472007028
2021-04-30,2.31387794574886,1.891546272355264
2021-05-03,2.324868242076597,1.9005035753959365
2021-05-04,2.327209230322664,1.8942319769120581
2021-05-05,2.3238609309159006,1.8950967058354697
2021-05-06,2.3269797073653478,1.9040913160056405
2021-05-07,2.3395414614858794,1.9179291963105982
2021-05-10,2.3164125789739467,1.9038364244208492
2021-05-11,2.3224739324049453,1.899670676878328
2021-05-12,2.301494486494432,1.8749128926288596
2021-05-13,2.2883123985730607,1.876373957950014
2021-05-14,2.31845100967827,1.8996495321011462
2021-05-17,2.3277800597743985,1.9042436648798435
2021-05-18,2.3150347437000116,1.9012840414609185
2021-05-19,2.2913444313555122,1.8879797089033687
2021-05-20,2.288804066107875,1.8962612579905924
2021-05-21,2.3029182336254075,1.899494641729961
2021-05-24,2.330040949300143,1.916098200854965
2021-05-25,2.3244282969827967,1.9185876848432735
2021-05-26,2.336634192963536,1.9232912985488084
2021-05-27,2.3489369918820646,1.9270502583000821
2021-05-28,2.3474654124449628,1.9297464372304374
2021-06-01,2.367415751193382,1.9427489590498115
2021-06-02,2.3750356622565763,1.949404968161886
2021-06-03,2.3689479047769946,1.9369913364044422
2021-06-04,2.3777844924904388,1.9513804970175654
2021-06-07,2.384263351589835,1.955489724899406
2021-06-08,2.3962446430973285,1.961245011093445
2021-06-09,2.3859949085641605,1.9586754957105728
2021-06-10,2.3860112854759947,1.9664892644188172
2021-06-11,2.3929548427859344,1.9651341344074815
2021-06-14,2.3946803811129684,1.9658620409360743
2021-06-15,2.3965594808862445,1.963045942375785
2021-06-16,2.393859286948948,1.9485307970830272
2021-06-17,2.369495652249368,1.9386820241356888
2021-06-18,2.357503263095145,1.9285615731056185
2021-06-21,2.3881239825483553,1.9461476409525855
2021-06-22,2.3921221415577083,1.9490644243989985
2021-06-23,2.399627779009411,1.9500319677200348
2021-06-24,2.410729305857312,1.9572292943896212
2021-06-25,2.4161457856549733,1.9612695608832984
2021-06-28,2.4051809633742884,1.9597338235008404
2021-06-29,2.4079919508547163,1.959356399329048
2021-06-30,2.4111671894550915,1.958437454034875
2021-07-01,2.4228443265055954,1.9638770358706092
2021-07-02,2.430226813645255,1.971288358885168
2021-07-06,2.405725423759786,1.9617529915106036
2021-07-07,2.387133212232974,1.9578729903479066
2021-07-08,2.391714096151384,1.9541159637007832
2021-07-09,2.415557138772833,1.9711491108219656
2021-07-12,2.4173878099303483,1.974058250779274
2021-07-13,2.420012921081966,1.9696921723818417
2021-07-14,2.398065361320706,1.9684587983540471
2021-07-15,2.3849725944020648,1.9636865877585254
2021-07-16,2.377303492161459,1.955628823800143
2021-07-19,2.323100544993333,1.928444403332049
2021-07-20,2.352391604356397,1.9453705604172602
2021-07-21,2.3864583286292635,1.9598809433940112
2021-07-22,2.3936815160520797,1.9633276771630066
2021-07-23,2.405283013817571,1.969123043392838
2021-07-26,2.4116204906891068,1.9692989671130308
2021-07-27,2.39793882937445,1.962832019055781
2021-07-28,2.409811110768617,1.9730926690396215
2021-07-29,2.4290512900555417,1.9835010901187557
2021-07-30,2.42181092973681,1.977540588194972
2021-08-02,2.4018032655371218,1.9729933933158474
2021-08-03,2.399589757870303,1.976233195089169
2021-08-04,2.371743991518351,1.9652980536415803
2021-08-05,2.39744905448162,1.9747356303176438
2021-08-06,2.3908780562519776,1.9628276699721807
2021-08-09,2.371833804616616,1.9522941052045915
2021-08-10,2.3856359685925024,1.9566326292461895
2021-08-11,2.399204661977488,1.9660856949091656
2021-08-12,2.396568061995616,1.9645698335663895
2021-08-13,2.386909143638094,1.9676649798281107
2021-08-16,2.3779419243443956,1.9637392897276598
2021-08-17,2.364244853267428,1.9504413758767045
2021-08-18,2.341286521355484,1.9386522076653698
2021-08-19,2.327205967337407,1.930303628303363
2021-08-20,2.3144075694564155,1.9286851137639531
2021-08-23,2.3584800588385364,1.954826098900651
2021-08-24,2.3830439613394265,1.967543292020422
2021-08-25,2.392088424606499,1.9697314939575246
2021-08-26,2.3809619412860044,1.9614187201189226
2021-08-27,2.407910031808712,1.9825463100942504
2021-08-30,2.4142678777926156,1.9873266979480833
2021-08-31,2.4119664660306808,1.98748763919569
2021-09-01,2.415419186029053,1.9946165451156248
2021-09-02,2.428791626734228,2.0022893381730054
2021-09-03,2.4278068053404183,2.00339170651278
2021-09-07,2.4161184144097327,1.9922666205574175
2021-09-08,2.4264388764199465,1.9909807369694221
2021-09-09,2.4058351797499564,1.98544703512658
2021-09-10,2.412733607955649,1.9820938883908732
2021-09-13,2.4234244603718613,1.9898107659555588
2021-09-14,2.419874869310291,1.9857181333806955
2021-09-15,2.44261285004536,1.9961968005640591
2021-09-16,2.443759091987167,1.9883673129957256
2021-09-17,2.430104347200679,1.976859839332473
2021-09-20,2.4081909281665053,1.9583302401915144
2021-09-21,2.4089103908892464,1.9621116669766592
2021-09-22,2.4318748176848843,1.9752585265001203
2021-09-23,2.445179505736059,1.9845162364432745
2021-09-24,2.448166315746481,1.979429181910175
2021-09-27,2.4550969176070994,1.98381039887746
2021-09-28,2.4327399075601512,1.959769173584996
2021-09-29,2.4411702976217606,1.957047899663649
2021-09-30,2.4382863091567666,1.9555670902461506
2021-10-01,2.4607501961470053,1.9699159711164418
2021-10-04,2.471220043452108,1.9657842412248066
2021-10-05,2.487716026594718,1.9743081689259974
2021-10-06,2.4750895131394777,1.9681237231465827
2021-10-07,2.4946650948834774,1.980530952404044
2021-10-08,2.492383934007967,1.9775892933019836
2021-10-11,2.4988959030318187,1.9757940649092371
2021-10-12,2.5032257238149587,1.9792830357332494
2021-10-13,2.510763151424752,1.9927611586484621
2021-10-14,2.5337227382751055,2.0096279904715137
2021-10-15,2.543382787799777,2.012651538987424
2021-10-18,2.54159005936875,2.0114826597368167
2021-10-19,2.5506392062376726,2.018479051306527
2021-10-20,2.569427142129574,2.0277243128922806
2021-10-21,2.5590124198227038,2.0227546675542265
2021-10-22,2.567881028940846,2.0273995874701614
2021-10-25,2.5724594363035536,2.0338214667645675
2021-10-26,2.579658778083397,2.0351921677075295
2021-10-27,2.5532661158525025,2.024660551397508
2021-10-28,2.568979215867195,2.0357341546962924
2021-10-29,2.5610912390102363,2.0270888566041587
2021-11-01,2.5697785633854617,2.0376718661043203
2021-11-02,2.574670607624433,2.0395443997257656
2021-11-03,2.5517105126075843,2.0351454332820826
2021-11-04,2.54737057799863,2.0377569272144656
2021-11-05,2.5693282259745884,2.0529399381494007
2021-11-08,2.574874935212985,2.057289511211189
2021-11-09,2.5832967468067007,2.060784244309414
2021-11-10,2.5560525322804577,2.04154350239405
2021-11-11,2.560599336337967,2.0472205667258074
2021-11-12,2.5629760547170775,2.0511226351307466
2021-11-15,2.5664544637253983,2.047656770423572
2021-11-16,2.567425225893396,2.0463946988802917
2021-11-17,2.5556553762446876,2.0418700631476425
2021-11-18,2.5660416726018385,2.0443242140124034
2021-11-19,2.5449976547253907,2.032022890930342
2021-11-22,2.5455804477764117,2.0209808110378296
2021-11-23,2.569520237146478,2.025461889603013
2021-11-24,2.5721613417009768,2.026664654198151
2021-11-26,2.4739926381000026,1.9790530120101586
2021-11-29,2.4926579409726672,1.987559602046189
2021-11-30,2.4457723964627114,1.9647324324862963
2021-12-01,2.4203948400004704,1.950419550554169
2021-12-02,2.4513148961763607,1.971066771080727
2021-12-03,2.439786892337765,1.963670957456139
2021-12-06,2.479841455327675,1.9822653895000115
2021-12-07,2.515260938006573,2.0071184672893185
2021-12-08,2.532933257194855,2.0150906787355027
2021-12-09,2.502197716461683,1.9957337366927614
2021-12-10,2.521702644415822,2.005254288202679
2021-12-13,2.512992730373367,1.9961625170895192
2021-12-14,2.4947064309516342,1.9829741545240307
2021-12-15,2.5188371009551327,1.9990786602908537
2021-12-16,2.51238080558768,1.9958250479145356
2021-12-17,2.49487421631561,1.9858661211597715
2021-12-20,2.4765271023644555,1.9720832555496717
2021-12-21,2.514243190246457,1.9965937549956552
2021-12-22,2.536829545722061,2.0127249499098587
2021-12-23,2.5476568194005003,2.0197841058536867
2021-12-27,2.5797567529504244,2.0378147308627956
2021-12-28,2.579583661241366,2.035021358052018
2021-12-29,2.5880161141625226,2.0364523121913125
2021-12-30,2.5867087001787317,2.0395797211126436
2021-12-31,2.576376247883886,2.0356282310430904
2022-01-03,2.5885615508221855,2.035400897703463
2022-01-04,2.5943428229984073,2.037618854208732
2022-01-05,2.5618401276525153,2.0118325827137458
2022-01-06,2.5785541597644785,2.01431307661109
2022-01-07,2.5647270943446947,2.011094095859257
2022-01-10,2.559072711910966,2.006231524406467
2022-01-11,2.5890153006385326,2.030007386836299
2022-01-12,2.59494378920381,2.037880809771284
2022-01-13,2.572480424654502,2.0236274967999814
2022-01-14,2.5923876099811785,2.025668579816027
2022-01-18,2.5950961026879042,2.006624978346678
2022-01-19,2.5850405810942507,2.0036742293413337
2022-01-20,2.572244998731865,1.9932710117966361
2022-01-21,2.557205417275752,1.9818203814141824
2022-01-24,2.555700227583153,1.9814816227613872
2022-01-25,2.554936765717125,1.9750769651728617
2022-01-26,2.557889059484846,1.96295347118198
2022-01-27,2.5566611166295434,1.9521049663942573
2022-01-28,2.585156574650944,1.9705046705479208
2022-01-31,2.6058725751398155,1.9965599172186816
2022-02-01,2.608624921158905,2.0021391578917225
2022-02-02,2.6211431648857006,2.008567821056507
2022-02-03,2.6128771952320946,1.991078163435105
2022-02-04,2.624517580686965,1.9953382796510628
2022-02-07,2.621635623548161,1.9950119442095415
2022-02-08,2.6114771468687232,1.9971664283600554
2022-02-09,2.6372136028794237,2.0184774148646745
2022-02-10,2.6134555930971657,1.9963170239029466
2022-02-11,2.6192444211992325,1.9929470347754448
2022-02-14,2.6201763026825713,1.988185445173126
2022-02-15,2.609208226758317,1.9961825096624604
2022-02-16,2.606571646730057,2.0000358793058943
2022-02-17,2.60000778183607,1.9879955629243853
2022-02-18,2.6005134227521713,1.9837936167369052
2022-02-22,2.6054007791582783,1.978409212547675
2022-02-23,2.5984128403295683,1.9645260126525916
2022-02-24,2.6159257310308295,1.973643953360284
2022-02-25,2.6264015671958143,1.9903074373843612
2022-02-28,2.637192836220582,1.996920796187905
2022-03-01,2.692638391454309,2.0045278415479193
2022-03-02,2.734856172757726,2.0237717930673926
2022-03-03,2.741226844606996,2.015951883947449
2022-03-04,2.8031254293491497,2.023401735367836
2022-03-07,2.829054951052997,2.004036428839658
2022-03-08,2.8666670768271643,2.0159419903728
2022-03-09,2.761449815885324,2.0084774705245083
2022-03-10,2.749299763971465,1.992963292069757
2022-03-11,2.765376225064924,1.9857181972432723
2022-03-14,2.717933720821588,1.955958273215393
2022-03-15,2.6731554207629946,1.9540050795609039
2022-03-16,2.675572750217771,1.987514648303929
2022-03-17,2.7441981235244373,2.0204459171860734
2022-03-18,2.749398896228997,2.032052104882908
2022-03-21,2.800109242984881,2.037099633973476
2022-03-22,2.790764724652029,2.043274075527251
2022-03-23,2.8253675014577184,2.047340491283177
2022-03-24,2.8139336612053527,2.0517973729267434
2022-03-25,2.827423915140109,2.0516777832165096
2022-03-28,2.764471097755674,2.0362818800864195
2022-03-29,2.7908460566067235,2.062862122230836
2022-03-30,2.8115353251590434,2.0651805446364184
2022-03-31,2.7735371843007735,2.0399281562459546
2022-04-01,2.7820590347559677,2.0471525388038327
2022-04-04,2.8095868941702586,2.0634955061014097
2022-04-05,2.7876672888534637,2.0351315769300493
2022-04-06,2.779247142047027,2.0191784629678176
2022-04-07,2.7795003072672935,2.01728887404997
2022-04-08,2.795860128527203,2.017270662664932
2022-04-11,2.7768747165586416,1.9978182677506808
2022-04-12,2.818752942482274,2.0087499660708117
2022-04-13,2.850714122843194,2.0319935792058277
2022-04-14,2.857713261141166,2.0202262221798106
2022-04-18,2.868438938499458,2.0189864763933945
2022-04-19,2.83633721325378,2.0151572384749463
2022-04-20,2.850752193593907,2.022902154550275
2022-04-21,2.8499904557941567,2.006799190398675
2022-04-22,2.8154023597038718,1.978602584647968
2022-04-25,2.7905369094186896,1.9742953322971677
2022-04-26,2.801865971015502,1.9556160862769913
2022-04-27,2.7980718057004945,1.9527594323215394
2022-04-28,2.8248995164219,1.9775950401795381
2022-04-29,2.792503871498514,1.946343024333485
2022-05-02,2.7877534522487,1.9440802148705916
2022-05-03,2.7729217386219314,1.9477371434965236
2022-05-04,2.8115293451851233,1.985106911839765
2022-05-05,2.826934716309711,1.944000602905341
2022-05-06,2.843710238748025,1.9342942430752792
2022-05-09,2.7838149205822447,1.8846395433117817
2022-05-10,2.7504174699033976,1.8799263798670331
2022-05-11,2.794505486993186,1.8824163788372228
2022-05-12,2.8048830676537513,1.881705701851915
2022-05-13,2.8103543313159407,1.91127065463236
2022-05-16,2.8342686886387187,1.9152620488994374
2022-05-17,2.798469856842563,1.9273654991346285
2022-05-18,2.783097198769099,1.8925772763135695
2022-05-19,2.7899256690548553,1.9030582538478642
2022-05-20,2.7977096370940924,1.908245803357075
2022-05-23,2.8052438485810853,1.9228298700592996
2022-05-24,2.828088634116992,1.9206683042677628
2022-05-25,2.8308734456507847,1.9307458763912535
2022-05-26,2.8352251373038904,1.9515876294652694
2022-05-27,2.849951586619807,1.9769543803221319
2022-05-31,2.8235772391725447,1.9666960117428705
2022-06-01,2.8311047537862772,1.957815119520248
2022-06-02,2.8509226866402124,1.986997825717932
2022-06-03,2.8705153330777997,1.9759450379520787
2022-06-06,2.85801358680575,1.9730827707725376
2022-06-07,2.878011948261555,1.9880287334107973
2022-06-08,2.876745576344337,1.980838563757662
2022-06-09,2.8802431197414675,1.9554684644270135
2022-06-10,2.8752615158753616,1.9271402191463178
2022-06-13,2.8629832611514594,1.8749722997947234
2022-06-14,2.8270169441680615,1.8639794865800787
2022-06-15,2.82531051480871,1.8857534765341015
2022-06-16,2.8507637686341836,1.862716211911483
2022-06-17,2.8051042874675316,1.8532093798432032
2022-06-21,2.8003481093878912,1.8677520967617753
2022-06-22,2.797124140295167,1.8623258362639423
2022-06-23,2.778689130752689,1.8650381693732367
2022-06-24,2.7875281869209956,1.8952065910183076
2022-06-27,2.793772611403302,1.8929941826027734
2022-06-28,2.808721582400314,1.8827825354186456
2022-06-29,2.790004704416318,1.874335589510752
2022-06-30,2.759630571076311,1.8605499602613862
2022-07-01,2.771830792147716,1.8747975655347635
2022-07-05,2.672420699103082,1.8468529005025387
2022-07-06,2.6417644742202393,1.835661818178193
2022-07-07,2.6615727829012616,1.85941289601507
2022-07-08,2.680569787982358,1.8640918855839967
2022-07-11,2.6932280945614524,1.8483418534281
2022-07-12,2.6451096170294144,1.8274536703490027
2022-07-13,2.6563892508337794,1.8302329255716325
2022-07-14,2.6394345452693884,1.8177707278706308
2022-07-15,2.6384336262479566,1.8377841480254296
2022-07-18,2.6728425402177627,1.8433739918500143
2022-07-19,2.6581920687963065,1.8703077079423447
2022-07-20,2.6379603437673063,1.8704172735716356
2022-07-21,2.615450643353218,1.8796906423061623
2022-07-22,2.622942198046367,1.8733977626399732
2022-07-25,2.6440028809324816,1.8789797185218131
2022-07-26,2.6535179382725347,1.8670588850054792
2022-07-27,2.6549273451504067,1.900819110794209
2022-07-28,2.6534913406506524,1.9166347117229674
2022-07-29,2.6502910445783097,1.929210806140055
2022-08-01,2.633132130335773,1.9203941555521087
2022-08-02,2.631319770214729,1.9069154630834257
2022-08-03,2.610127584687194,1.9152840757931557
2022-08-04,2.594774612868421,1.9161760175169076
2022-08-05,2.582749450219309,1.9066567327034227
2022-08-08,2.6067989354721357,1.918983743589022
2022-08-09,2.6130687219265774,1.914428669043507
2022-08-10,2.6130430110123886,1.939212861783554
2022-08-11,2.6281373217588304,1.9426626501206359
2022-08-12,2.615527356334958,1.9564391469807747
2022-08-15,2.5943607195571263,1.9487029506421607
2022-08-16,2.5785489851733874,1.9419977313981531
2022-08-17,2.5843824911113096,1.9329252368764607
2022-08-18,2.6103560071896528,1.938672515597234
2022-08-19,2.6157703854132723,1.9195590809362753
2022-08-22,2.626631348921264,1.9008934770386492
2022-08-23,2.6471990718558223,1.9075983883780137
2022-08-24,2.660853217125119,1.9139891498531558
2022-08-25,2.6306948309592886,1.926500052694375
2022-08-26,2.634082153260735,1.896903989269307
2022-08-29,2.66152060008884,1.8963164477561136
2022-08-30,2.634277509228008,1.875135566750536
2022-08-31,2.5997415649098423,1.85965162864682
2022-09-01,2.5752575566540843,1.842738339181445
2022-09-02,2.595092885058188,1.839066510201886
2022-09-06,2.5946006349005826,1.8284782350290512
2022-09-07,2.559212245882286,1.8376932289799857
2022-09-08,2.5631442716885204,1.839188205576789
2022-09-09,2.586856836633287,1.8664013016763117
2022-09-12,2.590591757877047,1.8819675151680486
2022-09-13,2.602753293196509,1.8395218940461338
2022-09-14,2.6047986400468193,1.8437009123889714
2022-09-15,2.5703821633647617,1.8190919136117634
2022-09-16,2.5773577692510434,1.8129211932655558
2022-09-19,2.575612320867077,1.817219377626481
2022-09-20,2.5707362769691677,1.8002848582736029
2022-09-21,2.5803630103599082,1.7854208719532576
2022-09-22,2.581917526717625,1.7722188264829006
2022-09-23,2.5521087536575053,1.7379373046263331
2022-09-26,2.5242209530707407,1.7101409437978736
2022-09-27,2.536877499613562,1.7078598503792088
2022-09-28,2.5783441093275496,1.7457417493722518
2022-09-29,2.5840203405612003,1.7234880515032438
2022-09-30,2.568150762417121,1.7123660927384525
2022-10-03,2.6003886116751906,1.7472071623441485
2022-10-04,2.6114851352244304,1.787240791667196
2022-10-05,2.6239119226742122,1.7817510154466698
2022-10-06,2.636180026028398,1.7713704820854048
2022-10-07,2.665940839282089,1.7512463112552394
2022-10-10,2.654006922679733,1.7348879055733932
2022-10-11,2.6489263789186994,1.7251371438956424
2022-10-12,2.6461121663024523,1.7219957579150453
2022-10-13,2.656866898929154,1.7415758553634735
2022-10-14,2.639104048879225,1.712396171802493
2022-10-17,2.618580648346104,1.7384678024532687
2022-10-18,2.603860599918936,1.7424417491855841
2022-10-19,2.6183510996587454,1.7270666294256434
2022-10-20,2.613469030513026,1.7214643158820857
2022-10-21,2.6139304195028443,1.7412718099620925
2022-10-24,2.6433807257899886,1.7396124111305056
2022-10-25,2.643881990116823,1.7643158670578585
2022-10-26,2.6572755809971786,1.7753317936044661
2022-10-27,2.6712182303817724,1.7724814232880495
2022-10-28,2.660195426082052,1.7814102898311235
2022-10-31,2.6465091499495723,1.7699771446159247
2022-11-01,2.647785158087694,1.7788344646915815
2022-11-02,2.6376635550358647,1.7595836517696792
2022-11-03,2.619951389769443,1.7483706318886918
2022-11-04,2.6370700589662754,1.785721022603196
2022-11-07,2.637584029137829,1.7875626407367682
2022-11-08,2.6163685310911378,1.7926575883012892
2022-11-09,2.5801502269889625,1.7671836995867582
2022-11-10,2.6123653311865205,1.8342908680086991
2022-11-11,2.621504299065988,1.8558207894312955
2022-11-14,2.595135372119145,1.8370107742045851
2022-11-15,2.6016364377081644,1.8571239805945572
2022-11-16,2.5900369008986233,1.8466293017420763
2022-11-17,2.5635014080416583,1.8334234853169793
2022-11-18,2.5625753719665476,1.830207777076847
2022-11-21,2.5667003356738345,1.8233813916242658
2022-11-22,2.5865318527376386,1.8387659297530636
2022-11-23,2.5612920717997882,1.8424793660320022
2022-11-25,2.5588403330522858,1.8407475892916219
2022-11-28,2.542877882062644,1.8227605716553983
2022-11-29,2.5424773796922047,1.8312310719637437
2022-11-30,2.5689487941757356,1.870715116437893
2022-12-01,2.5797373403704595,1.880133695376423
2022-12-02,2.5722113957957053,1.8793228370504536
2022-12-05,2.546197515774204,1.848690355134533
2022-12-06,2.5377504515916347,1.833324155576348
2022-12-07,2.5318999129746005,1.8326602222325352
2022-12-08,2.5182634812465325,1.8370994809646664
2022-12-09,2.5264437810577722,1.8295642579318145
2022-12-12,2.530379743610839,1.8395854691110751
2022-12-13,2.553357505217788,1.861150659206318
2022-12-14,2.5711846893211225,1.862099268134359
2022-12-15,2.564697833083061,1.834264158674766
2022-12-16,2.5578309184991763,1.8203902537722667
2022-12-19,2.5734899528300383,1.812503849531402
2022-12-20,2.5864479990349225,1.8141084785010333
2022-12-21,2.597544037002993,1.8321204280392807
2022-12-22,2.599224968314287,1.816549711989046
2022-12-23,2.6196242796308145,1.8249786714752356
2022-12-27,2.640797672680501,1.823246929147222
2022-12-28,2.6327283052466415,1.8060970658808775
2022-12-29,2.6224228792436,1.8266390427950516
2022-12-30,2.635050452876095,1.8250082912049765
2023-01-03,2.621045881582629,1.818834694031906
2023-01-04,2.5968654543183867,1.8260858525745238
2023-01-05,2.5999493942078016,1.812511624399238
2023-01-06,2.6014428998646313,1.8435723127933217
2023-01-09,2.612116424141045,1.8530294077514604
2023-01-10,2.6086388071510256,1.8577484624197986
2023-01-11,2.6213461255611827,1.880813480460401
2023-01-12,2.636713207253733,1.8983480438290863
2023-01-13,2.6534372693864166,1.9054089478305967
2023-01-17,2.6587853112116715,1.9048187618163066
2023-01-18,2.652276579501294,1.894523687030277
2023-01-19,2.678646224547426,1.8977024097112072
2023-01-20,2.6684139409373784,1.9123638892965333
2023-01-23,2.654212651293125,1.9211013055060744
2023-01-24,2.6460319967677575,1.9204205298031367
2023-01-25,2.6535983027755132,1.9233268171124318
2023-01-26,2.6390747152496385,1.9311857194052233
2023-01-27,2.6151757224017267,1.9281130251726506
2023-01-30,2.611792054752745,1.9081954037927562
2023-01-31,2.6203857712023275,1.927411973089187
2023-02-01,2.640993925667883,1.9386859767230378
2023-02-02,2.6247669664363746,1.9442907007878552
2023-02-03,2.5958033008965176,1.9132353786627112
2023-02-06,2.582744212732365,1.9037968172379232
2023-02-07,2.5887919317915693,1.9189155511276854
2023-02-08,2.5860518582418006,1.9147721716176023
2023-02-09,2.5862999269511815,1.9029989913550476
2023-02-10,2.5784152014933897,1.9046063335794112
2023-02-13,2.5861948191139854,1.9144153010697658
2023-02-14,2.5872187305580807,1.913154850478635
2023-02-15,2.5748191121128277,1.9094871500266082
2023-02-16,2.571844200653073,1.897413365404379
2023-02-17,2.5702184761337534,1.8923484890206803
2023-02-21,2.555742575334248,1.8692745723478896
2023-02-22,2.546889004487879,1.860157879658041
2023-02-23,2.5512127258265025,1.8719113328761003
2023-02-24,2.5282063619084667,1.854924616269732
2023-02-27,2.5401418466395205,1.8601612226431203
2023-02-28,2.534442797447147,1.8607835567677777
2023-03-01,2.533883187829415,1.8648876058496056
2023-03-02,2.5303453380367764,1.8686859110285505
2023-03-03,2.5317905072596485,1.893578240887874
2023-03-06,2.516909439207378,1.8892697144407247
2023-03-07,2.519972973333241,1.861340958838783
2023-03-08,2.530517206318445,1.861951583782957
2023-03-09,2.530425881578637,1.8446995099539119
2023-03-10,2.5146208065506546,1.8436719044277592
2023-03-13,2.5397191449976653,1.8459842868127079
2023-03-14,2.5788036513831347,1.847509524126422
2023-03-15,2.589944280220007,1.8321878253361292
2023-03-16,2.6052311144056897,1.842873817804851
2023-03-17,2.620862095846095,1.8347165968757115
2023-03-20,2.62170879270569,1.8460423251413112
2023-03-21,2.611489915806356,1.8561788656045481
2023-03-22,2.603952355970264,1.852496825930165
2023-03-23,2.6145258996896015,1.8562271060584186
2023-03-24,2.6091729621276922,1.8598271444440395
2023-03-27,2.5750289368701686,1.86585099953697
2023-03-28,2.575617506544813,1.8697688464563955
2023-03-29,2.5883768343260822,1.8795391846703284
2023-03-30,2.585865484744973,1.8929827299217556
2023-03-31,2.5782972758562352,1.9088822384722586
2023-04-03,2.5865176457922465,1.9240398062868174
2023-04-04,2.595650166476961,1.9248906474459508
2023-04-05,2.5854070116895693,1.919685153491355
2023-04-06,2.588322536891484,1.9227938601731702
2023-04-10,2.5819288255824726,1.9190653756224718
2023-04-11,2.5854209531051313,1.926819059804583
2023-04-12,2.5895739857363775,1.9288827802573008
2023-04-13,2.6129263909911207,1.9401926299724912
2023-04-14,2.600174588221683,1.9299976481943937
2023-04-17,2.5949027832631635,1.9288336292630233
2023-04-18,2.6009336235619163,1.9307605937316707
2023-04-19,2.5966709882423857,1.9225097927384633
2023-04-20,2.5951303442814257,1.9156743524394706
2023-04-21,2.5944390965964885,1.9154933872734965
2023-04-24,2.5984603554930827,1.921445931085581
2023-04-25,2.582730235375695,1.903414049680622
2023-04-26,2.5853353377793815,1.8930799647115226
2023-04-27,2.6030557130969565,1.9083968009388936
2023-04-28,2.6060017735636225,1.921957513443656
2023-05-01,2.600726309084221,1.9096894089613856
2023-05-02,2.602351439909277,1.8953536709984133
2023-05-03,2.6064846972628515,1.8889555144914847
2023-05-04,2.6057586249989706,1.8894776590709468
2023-05-05,2.615061394302619,1.9101518604935104
2023-05-08,2.616250788006706,1.9105444243164904
2023-05-09,2.6130238633536487,1.9082430224717317
2023-05-10,2.61727344922405,1.9135863516999945
2023-05-11,2.6110023684855257,1.904347565259505
2023-05-12,2.6050056506192436,1.8940583749968265
2023-05-15,2.612759848774093,1.9037752023643413
2023-05-16,2.602855311023129,1.888633552813726
2023-05-17,2.6080047536129274,1.9037917945174474
2023-05-18,2.6071398556373837,1.8997625807098082
2023-05-19,2.61486656783579,1.8994602716388505
2023-05-22,2.6156853968296754,1.9032420855070071
2023-05-23,2.6018433532358487,1.8964095098425506
2023-05-24,2.5884075129250474,1.885862747973718
2023-05-25,2.5931167542487845,1.8794106752516477
2023-05-26,2.6114754055847857,1.8979854365293392
2023-05-30,2.6117986009115026,1.8903507721543453
2023-05-31,2.6033216211374186,1.8805060797832849
2023-06-01,2.6232802306615097,1.900135353126007
2023-06-02,2.6325444842327475,1.9167955791745837
2023-06-05,2.632096777757988,1.9128813662339286
2023-06-06,2.6373539886007276,1.9208587530861272
2023-06-07,2.618325399634403,1.9188775331803114
2023-06-08,2.6376859590827655,1.926146256542189
2023-06-09,2.6382662812201674,1.920954489825125
2023-06-12,2.6518516124692924,1.919142997728115
2023-06-13,2.659451408764142,1.9303313416023293
2023-06-14,2.6653786527606265,1.93367013968469
2023-06-15,2.684933777757239,1.9553239313031845
2023-06-16,2.6786310387912953,1.9542102319134182
2023-06-20,2.6644803191883986,1.9431075579887496
2023-06-21,2.655770647058564,1.9445263863873212
2023-06-22,2.6554394517446975,1.9295053912477171
2023-06-23,2.641379976637601,1.9173061338841557
2023-06-26,2.6346853337734224,1.9209027883498553
2023-06-27,2.6495732927364104,1.9250057909620941
2023-06-28,2.6499657983372944,1.928562920922282
2023-06-29,2.6497211595169365,1.9277956074836848
2023-06-30,2.671130864466527,1.9425444215747747
2023-07-03,2.6732021436246143,1.9447989172801963
2023-07-05,2.662599627077999,1.9409826835973676
2023-07-06,2.6398095871939806,1.9251656292772876
2023-07-07,2.64546677124588,1.9345256392757195
2023-07-10,2.656016190942839,1.9407269983389224
2023-07-11,2.670231622368658,1.9554849698740138
2023-07-12,2.6939135086553394,1.9785851322793122
2023-07-13,2.71701232385859,1.998409008491872
2023-07-14,2.709281311569888,1.9869043681267724
2023-07-17,2.719852341907785,1.987365468049657
2023-07-18,2.7362562467668536,1.997899319375325
2023-07-19,2.738979531391805,2.002002350625956
2023-07-20,2.7181065645670586,1.9908723083554138
2023-07-21,2.7161345522684206,1.9935618303089484
2023-07-24,2.71903383227851,2.0023276028882755
2023-07-25,2.7240250448718717,2.0056834259213514
2023-07-26,2.727569412097476,2.009379536891142
2023-07-27,2.7160002578637137,1.9926527589837368
2023-07-28,2.7388712609815915,2.009957982583652
2023-07-31,2.7457260273244475,2.016776972699255
2023-08-01,2.735977291584923,2.004598631168055
2023-08-02,2.700088023504044,1.9812277840603225
2023-08-03,2.704521254383113,1.98022419355811
2023-08-04,2.6922703536176447,1.9852958878880984
2023-08-07,2.7056118283190655,1.990087841953454
2023-08-08,2.6868239678776966,1.9834036288745776
2023-08-09,2.679049150582554,1.982841228155195
2023-08-10,2.6889483565480092,1.9770451973123306
2023-08-11,2.6798462000654544,1.9710176228074194
2023-08-14,2.684645592465472,1.967607171225611
2023-08-15,2.664537399420413,1.9506676619994479
2023-08-16,2.6512392493185426,1.935721664088019
2023-08-17,2.6414421382999738,1.930169025990591
2023-08-18,2.635598035501608,1.934288772695384
2023-08-21,2.653727364231441,1.9347622308663222
2023-08-22,2.6496372631564764,1.933396565121643
2023-08-23,2.6658866435060595,1.9506002028461393
2023-08-24,2.644232393303015,1.9376271509965082
2023-08-25,2.6549296047293645,1.9453450023503298
2023-08-28,2.6685956129775854,1.954309983022578
2023-08-29,2.69157001059908,1.9753582562047283
2023-08-30,2.6944209139252733,1.9787017044596495
2023-08-31,2.685857275749398,1.978412708188655
2023-09-01,2.7025462206432884,1.9840266101241355
2023-09-05,2.7070840331943145,1.973904360462925
2023-09-06,2.7054405046721803,1.9700003073087544
2023-09-07,2.692836963929718,1.9657697838851163
2023-09-08,2.695479864602355,1.9668511389749765
2023-09-11,2.710837221564041,1.9747551387026172
2023-09-12,2.707958614272953,1.9734863614085167
2023-09-13,2.7077695315433696,1.9718262536431792
2023-09-14,2.7323577155124985,1.9842654938617763
2023-09-15,2.720887481916965,1.9766347779901936
2023-09-18,2.7201434676861465,1.9763292989092958
2023-09-19,2.721813238952672,1.9720151584939485
2023-09-20,2.702100370760284,1.9618027360691304
2023-09-21,2.6853847250138108,1.9393237200132594
2023-09-22,2.682933860867413,1.9423849347532982
2023-09-25,2.6895794067999144,1.936560813885238
2023-09-26,2.6726421318559623,1.921823583262563
2023-09-27,2.688304476708535,1.922684665473746
2023-09-28,2.689054663292585,1.9281311622639223
2023-09-29,2.6826202705057876,1.9225087085263883
2023-10-02,2.670937327828009,1.9058057190926638
2023-10-03,2.65380629392553,1.8879774749862113
2023-10-04,2.639122555025069,1.8840641503699946
2023-10-05,2.631868031259028,1.8827278684704907
2023-10-06,2.651208962172178,1.8926738562151215
2023-10-09,2.674449350958694,1.9125304282437752
2023-10-10,2.683358811072501,1.9192636221725354
2023-10-11,2.6842300242742407,1.9256777335754633
2023-10-12,2.674270265016571,1.9096340467616495
2023-10-13,2.683872679021181,1.921823598358694
2023-10-16,2.6939889590152646,1.9274042092516077
2023-10-17,2.6951624731268145,1.926303673587741
2023-10-18,2.6807090954336132,1.9137979493411532
2023-10-19,2.6788557909708204,1.9085706978432162
2023-10-20,2.6562894494253912,1.898119432773458
2023-10-23,2.6468095699129996,1.8938740463158434
2023-10-24,2.6459420358216215,1.8971215956268475
2023-10-25,2.633854675893095,1.8838437246666555
2023-10-26,2.6069975498162536,1.8797801670963497
2023-10-27,2.61446063864599,1.882088791299777
2023-10-30,2.617434709164582,1.882384312870914
2023-10-31,2.6179466870835326,1.8830029913646018
2023-11-01,2.6276922802613414,1.8956360762441344
2023-11-02,2.655178270882306,1.9239626340725278
2023-11-03,2.6584552743891514,1.9404031512975848
2023-11-06,2.65817094204805,1.935396806432477
2023-11-07,2.6426511991405524,1.9263409501770241
2023-11-08,2.6283080342577687,1.9199358987056898
2023-11-09,2.62340651284721,1.9071751042237455
2023-11-10,2.6459477238557163,1.9211221232150306
2023-11-13,2.6539301306808567,1.9250837383181394
2023-11-14,2.675615820784582,1.963882004440906
2023-11-15,2.667029325820944,1.9587151332456236
2023-11-16,2.651742974823962,1.9490170550995471
2023-11-17,2.6707899503033254,1.9628673109722272
2023-11-20,2.6895543362311405,1.9770932733598716
2023-11-21,2.6923737873249824,1.9740946723997463
2023-11-22,2.688136549840593,1.973404028146331
2023-11-24,2.6850199992442962,1.972743290757473
2023-11-27,2.681223631183738,1.972621744410804
2023-11-28,2.697892428873427,1.9837540343124487
2023-11-29,2.706147117483203,1.9912906579058247
2023-11-30,2.689305263189775,1.9821564360670014
2023-12-01,2.671946676717342,1.9977005603657645
2023-12-04,2.6412618695602172,1.9864722587658326
2023-12-05,2.6451757276175694,1.9809927378242307
2023-12-06,2.6244437527036464,1.9702777657061818
2023-12-07,2.6319161535919875,1.9780947831330438
2023-12-08,2.633844325980032,1.9795596774312234
2023-12-11,2.6347054605925275,1.981535716535754
2023-12-12,2.6234336665940985,1.9770406979251887
2023-12-13,2.6270378030438444,2.0115061518251434
2023-12-14,2.6217560724057787,2.0378400880654595
2023-12-15,2.6255547487499524,2.0293634153588878
2023-12-18,2.639273930379065,2.034317846490236
2023-12-19,2.6408596823251305,2.0494000253119
2023-12-20,2.6367705617040293,2.032527173493366
2023-12-21,2.6379268039286687,2.0478516124424666
2023-12-22,2.6319446805857205,2.048838494529176
2023-12-26,2.6401436046899365,2.062871307094128
2023-12-27,2.6327330178228947,2.068142133460029
2023-12-28,2.621379850736237,2.0607954198055998
2023-12-29,2.6265632115055766,2.051468563874108
2024-01-02,2.623995669079871,2.03780597602805
2024-01-03,2.582104758683436,2.031327373688219
2024-01-04,2.580834839775223,2.025083300235764
2024-01-05,2.5757879717918635,2.0275175809985098
2024-01-08,2.6173157195702355,2.03310092631901
2024-01-09,2.604495168622476,2.0301041186016158
2024-01-10,2.6161069085028568,2.029553394848712
2024-01-11,2.6034603671110577,2.034504031051529
2024-01-12,2.6033632699497047,2.0407882271815514
2024-01-16,2.5995547194802318,2.0213478404424925
2024-01-17,2.584158726530981,2.0103952822012663
2024-01-18,2.5892688407006,2.020538259832376
2024-01-19,2.61469919047867,2.0311357652116775
2024-01-22,2.6252027318994986,2.03786733091034
2024-01-23,2.6200322565080105,2.0378068884749
2024-01-24,2.605865677789339,2.0395981182227616
2024-01-25,2.612710405437393,2.0519067461053915
2024-01-26,2.604493529145356,2.0529116640533944
2024-01-29,2.630479890582078,2.060146423680307
2024-01-30,2.613430030769773,2.0584107594112893
2024-01-31,2.589891113513815,2.0420288355576623
2024-02-01,2.6116468885289232,2.052967013468134
2024-02-02,2.618153702805091,2.0396369204896985
2024-02-05,2.607627421440522,2.0298153857578867
2024-02-06,2.6149575414084993,2.0433136274561465
2024-02-07,2.622176635528685,2.0472235854945326
2024-02-08,2.6293939458802025,2.0540331069093622
2024-02-09,2.645660271722342,2.0599532885111116
2024-02-12,2.65285276954252,2.0642748088535576
2024-02-13,2.6129785715420595,2.0370146257251314
2024-02-14,2.637847828846145,2.0475457993600727
2024-02-15,2.6599417928159057,2.065465220135251
2024-02-16,2.647808507124622,2.0612519386724175
2024-02-20,2.637260500603481,2.0569707745994994
2024-02-21,2.634012927538107,2.0587225269510165
2024-02-22,2.665726272710357,2.072843409270277
2024-02-23,2.6663302946149154,2.069732420560432
2024-02-26,2.666653803547839,2.07002510745826
2024-02-27,2.6765230761216277,2.0765667995004455
2024-02-28,2.666833082698522,2.072908612833457
2024-02-29,2.6769739493030014,2.0783660572879277
2024-03-01,2.6939235848140464,2.0993622261398466
2024-03-04,2.6875321580972833,2.099865074898035
2024-03-05,2.675221612984805,2.0913611549006856
2024-03-06,2.6830082496178327,2.105204464191868
2024-03-07,2.7020867368578103,2.1163199535541515
2024-03-08,2.6931308306020445,2.113320052553259
2024-03-11,2.6776384947857914,2.111598284484867
2024-03-12,2.6946588774087443,2.1138287280810433
2024-03-13,2.6809578999091253,2.11846600104665
2024-03-14,2.6645388806622994,2.1085186043573914
2024-03-15,2.6540290744316666,2.104402807122101
2024-03-18,2.651093251182825,2.110471498681106
2024-03-19,2.6579567067645273,2.113868421476333
2024-03-20,2.684009062171912,2.126364264732671
2024-03-21,2.694000246840551,2.129099396974426
2024-03-22,2.6917886334357846,2.1214774553567777
2024-03-25,2.6820956435687004,2.123024654541431
2024-03-26,2.685720190734628,2.119518918239676
2024-03-27,2.705055584786054,2.134082557760211
2024-03-28,2.6948659352014324,2.1415258064857343
2024-04-01,2.688595987301885,2.1365401565984015
2024-04-02,2.6695800811769295,2.134487306427201
2024-04-03,2.6768064188781313,2.143077037695623
2024-04-04,2.6552257580486276,2.1366419941519257
2024-04-05,2.668581904337183,2.1438397073308044
2024-04-08,2.673845580883604,2.149102535558621
2024-04-09,2.6779027151197687,2.1534720801248186
2024-04-10,2.6505432488810707,2.1281585155636766
2024-04-11,2.6658340842072543,2.135576933673238
2024-04-12,2.6361085941039617,2.1178789825975044
2024-04-15,2.6146097820864544,2.1065761824719167
2024-04-16,2.6076195368978214,2.0969477291195355
2024-04-17,2.594830835518728,2.0860410804893523
2024-04-18,2.5896789617035774,2.0835408306933023
2024-04-19,2.5772308344386956,2.081412575788581
2024-04-22,2.5962373473164932,2.087514175577954
2024-04-23,2.6209720066026225,2.1030757032418808
2024-04-24,2.6193685707225467,2.100905104645604
2024-04-25,2.6105067231268726,2.099755375388285
2024-04-26,2.62991805795304,2.11036174138376
2024-04-29,2.6389002639303083,2.1166388335407844
2024-04-30,2.6076581404595984,2.0895920976921825
2024-05-01,2.5927479343571003,2.0842508430688698
2024-05-02,2.6013822579601262,2.1021230196271197
2024-05-03,2.6110151790961216,2.115094571939721
2024-05-06,2.6287681929057043,2.127762580833686
2024-05-07,2.6262598497052747,2.1283455994992684
2024-05-08,2.628394438223154,2.1247482966409144
2024-05-09,2.64178370401047,2.138608255319985
2024-05-10,2.6398491227088265,2.1353159258869776
2024-05-13,2.6408940621384556,2.1392899396934397
2024-05-14,2.6443129552481666,2.1465065050161156
2024-05-15,2.6673398827138426,2.1679681284582575
2024-05-16,2.665890097304725,2.16495693734431
2024-05-17,2.6784356609108038,2.171631514639404
2024-05-20,2.6826686137361597,2.1727209750104675
2024-05-21,2.680561056121595,2.170877897556256
2024-05-22,2.662552881283948,2.155954705234859
2024-05-23,2.6451464151733224,2.138504183944329
2024-05-24,2.6586116637853547,2.149554591644843
2024-05-28,2.6798491777755937,2.1562966961833276
2024-05-29,2.662314025551866,2.136274995259498
2024-05-30,2.6487875008361734,2.1371355934582588
2024-05-31,2.645071640966577,2.1421064976153543
2024-06-03,2.6481764004195405,2.1401736219058374
2024-06-04,2.640882708137735,2.134618863332301
2024-06-05,2.661529948440716,2.1515752365373406
2024-06-06,2.6667358636774616,2.158469085041406
2024-06-07,2.652478624545253,2.136441526351935
2024-06-10,2.6614130389398887,2.147402070791036
2024-06-11,2.6575509429872834,2.1475444061925884
2024-06-12,2.6697344393288853,2.1638564957933055
2024-06-13,2.6574326337834075,2.161671245727103
2024-06-14,2.6591528349677036,2.1606796798956136
2024-06-17,2.671704847095589,2.1686497259815756
2024-06-18,2.6732759797258083,2.1783034427302908
2024-06-20,2.676572863064791,2.1778075243714365
2024-06-21,2.6639810175127097,2.170531676286359
2024-06-24,2.662033387133646,2.1765098276010906
2024-06-25,2.6672927824258292,2.172401121148321
2024-06-26,2.6659205553901613,2.1658837214462667
2024-06-27,2.671719586696486,2.1765107583954015
2024-06-28,2.6722906187549924,2.1737321957646296
2024-07-01,2.688671727994739,2.1770817539413603
2024-07-02,2.6942752598824202,2.183538600929159
2024-07-03,2.7065555503117538,2.1969545341628254
2024-07-05,2.7208467555115945,2.2075282112324404
2024-07-08,2.711411433949317,2.2025831846524184
2024-07-09,2.709252606939401,2.198980207244403
2024-07-10,2.7248429194948525,2.211982840163779
2024-07-11,2.7214555863189434,2.226691726811531
2024-07-12,2.722898787979067,2.2344330582351484
2024-07-15,2.726255864263685,2.233494502123935
2024-07-16,2.7324623472753116,2.2473793270367355
2024-07-17,2.7189358431858914,2.2389592305520907
2024-07-18,2.705741714424998,2.2226928980589107
2024-07-19,2.6786469816706,2.2048599100955815
2024-07-22,2.688327659964543,2.2160318145480815
2024-07-23,2.681525086384276,2.2105346108629558
2024-07-24,2.6535766758080563,2.1872167403143425
2024-07-25,2.6427008148167888,2.1851329173548035
2024-07-26,2.649435234011537,2.197662119883137
2024-07-29,2.644383137320575,2.1932912844124828
2024-07-30,2.635812321368555,2.1914457804093823
2024-07-31,2.6856334119964504,2.223492215001524
2024-08-01,2.6603262660280604,2.201006910084179
2024-08-02,2.637922789377038,2.180132062372336
2024-08-05,2.5914516039884625,2.149802683741946
2024-08-06,2.6076733499295015,2.151030767421208
2024-08-07,2.586751283115015,2.1511570620217566
2024-08-08,2.6220767148079833,2.177265493931715
2024-08-09,2.6220380333181574,2.1861754564480846
2024-08-12,2.61602109730317,2.1964275373261613
2024-08-13,2.649066819223484,2.211638042188053
2024-08-14,2.649010170071132,2.2079937975008024
2024-08-15,2.67569258570446,2.224154895533286
2024-08-16,2.6940922606623317,2.2301752039562937
2024-08-19,2.71415359451289,2.237362446468498
2024-08-20,2.7119050514199885,2.2338640224905895
2024-08-21,2.725365385632273,2.2379777328675585
2024-08-22,2.7048899546932983,2.227265932706967
2024-08-23,2.721168229679526,2.259766845261735
2024-08-26,2.7086450234387374,2.2618910080369687
2024-08-27,2.7122925491914334,2.2595808890516285
2024-08-28,2.707420886712253,2.2459216480850173
2024-08-29,2.703419206622323,2.25144887432626
2024-08-30,2.7220169683485556,2.2479971376191954
2024-09-03,2.695692049155644,2.2178610375702656
2024-09-04,2.6951145671948016,2.214857651786348
2024-09-05,2.696825440484049,2.217704910577814
2024-09-06,2.6723199940159965,2.194689587145958
2024-09-09,2.6912295993101423,2.2066782787963404
2024-09-10,2.7071505789324384,2.204042694589906
2024-09-11,2.719876244514717,2.2151093825802963
2024-09-12,2.73860190578525,2.2356329226468876
2024-09-13,2.7524255535628366,2.247799346471578
2024-09-16,2.753163577881317,2.257263252494384
2024-09-17,2.7469974590788753,2.2582585870521186
2024-09-18,2.7388950199515665,2.248295579609063
2024-09-19,2.7661277278099887,2.2784179148760018
2024-09-20,2.769624849355863,2.2759891363989917
2024-09-23,2.7773265369651217,2.2775385787701192
2024-09-24,2.7879924570374417,2.2960813822782646
2024-09-25,2.783852467706115,2.280529240277333
2024-09-26,2.787427826780542,2.285851267647427
2024-09-27,2.781105044373197,2.2890688981575003
2024-09-30,2.7839462468768255,2.284323053242204
2024-10-01,2.774987871956745,2.288218637680812
2024-10-02,2.774347329347384,2.292708740143597
2024-10-03,2.767950193790897,2.292005586971275
2024-10-04,2.774433783734692,2.2967652903820586
2024-10-07,2.75899631855002,2.297428795476901
2024-10-08,2.7683415537159677,2.2855018380978716
2024-10-09,2.7732141214210344,2.2820166514773628
2024-10-10,2.7714968930375536,2.2899859789461794
2024-10-11,2.7858958026127727,2.3005559943377363
2024-10-14,2.7963771563607653,2.298241866750426
2024-10-15,2.7935193496952024,2.281535454535685
2024-10-16,2.8031858855969416,2.288807941144173
2024-10-17,2.8027052351016866,2.285431435746294
2024-10-18,2.816650067158897,2.289934001498871
2024-10-21,2.8068254232249052,2.2778618414338085
2024-10-22,2.8129392802288544,2.2849315107564427
2024-10-23,2.7993959988582247,2.272113390140728
2024-10-24,2.8094104493568883,2.277302466801189
2024-10-25,2.808582051861764,2.2778820396145476
2024-10-28,2.811475754916629,2.269722099917223
2024-10-29,2.8178050194148385,2.2685865615193315
2024-10-30,2.817679608561536,2.272529936140362
2024-10-31,2.77954396894097,2.2589375457188345
2024-11-01,2.7777084065783817,2.252034327720212
2024-11-04,2.7811894997572835,2.2668184403954252
2024-11-05,2.801018867696282,2.285342286796148
2024-11-06,2.799273215401441,2.2808140828409864
2024-11-07,2.8247044156294545,2.3031255681357514
2024-11-08,2.832174853846468,2.2940008953957047
2024-11-11,2.8174499885673954,2.2795955652244704
2024-11-12,2.8041119830165986,2.259502088503557
2024-11-13,2.802130546209243,2.2524297224307084
2024-11-14,2.7899614815077696,2.24561189455053
2024-11-15,2.7717594734499444,2.231716799380141
2024-11-18,2.7903105408532447,2.2534070335853706
2024-11-19,2.802405078681925,2.260759418262442
2024-11-20,2.8040119077750325,2.2584985837594433
2024-11-21,2.8160258746430973,2.2676215283415804
2024-11-22,2.8283577389208645,2.2779396457133547
2024-11-25,2.823143072729273,2.2786220773246355
2024-11-26,2.830886708281598,2.275693550792826
2024-11-27,2.8304202300121424,2.2796086128659567
2024-11-29,2.8394249578656576,2.2883424681634073
2024-12-02,2.829065243617119,2.2841949645574524
2024-12-03,2.823924222654456,2.2903220040689987
2024-12-04,2.82863770549252,2.293104735796173
2024-12-05,2.816852736375158,2.2900933231846112
2024-12-06,2.8195815233427757,2.2887845825832263
2024-12-09,2.8208429437594287,2.29377237149627
2024-12-10,2.8158659293734383,2.2868836966683017
2024-12-11,2.825699414756166,2.3005837366539863
2024-12-12,2.8085173009002484,2.28708752464345
2024-12-13,2.797049248886053,2.2845785229536144
2024-12-16,2.8017945569720677,2.2854473248932266
2024-12-17,2.7898816402744924,2.2771902824966346
2024-12-18,2.7244762069584425,2.2298320488425922
2024-12-19,2.7155961983025203,2.2227999881835983
2024-12-20,2.739356954208491,2.238017224602421
2024-12-23,2.740944152918353,2.2405043344827744
2024-12-24,2.754725643301113,2.252062479319823
2024-12-26,2.7639346987993885,2.254602808827027
2024-12-27,2.7436628316799965,2.2450085190610896
2024-12-30,2.7309395949094295,2.241250253574669
2024-12-31,2.736825978547592,2.2422644122155484
2025-01-02,2.7489762764408003,2.2453854751813305
2025-01-03,2.762666339401367,2.257136506301338
2025-01-06,2.7637196640947472,2.2598773927707896
2025-01-07,2.752015305791052,2.2516890178718834
2025-01-08,2.7552546033441914,2.2498174772816477
2025-01-10,2.740230841004355,2.2405453437550347
2025-01-13,2.7375032473482728,2.2428269281338697
2025-01-14,2.738790286545679,2.250464590849182
2025-01-15,2.772239226412828,2.280901030875272
2025-01-16,2.7719721793360583,2.283002465129644
2025-01-17,2.786126297999696,2.2878161120765705
2025-01-21,2.798558023644147,2.3057149860027013
2025-01-22,2.8076766770305954,2.302360375957399
2025-01-23,2.812332933221367,2.303673512140835
2025-01-24,2.8033996714862424,2.308724988805938
2025-01-27,2.772807670942131,2.2929203195073433
2025-01-28,2.793349789304122,2.299190469395693
2025-01-29,2.7888074100009335,2.2915914388859235
2025-01-30,2.8061213287269138,2.3060154234059858
2025-01-31,2.8021615230848456,2.2984796156420946
2025-02-03,2.7918162534514357,2.2912566837819437
2025-02-04,2.8126692745460296,2.3066187789378607
2025-02-05,2.8253125987027126,2.31411036242344
2025-02-06,2.8266849699364363,2.3141325122195076
2025-02-07,2.811066956707103,2.3041671724151174
2025-02-10,2.8309156121149615,2.320819787033699
2025-02-11,2.8254234211713127,2.323165659376266
2025-02-12,2.8200817654975023,2.3118376908043046
2025-02-13,2.8428206700505316,2.330892607431866
2025-02-14,2.8371124463381725,2.3307823000224235
2025-02-18,2.850642428647813,2.3411788567194556
2025-02-19,2.850519755129177,2.3420080290183085
2025-02-20,2.8418042269782546,2.3459110375368097
2025-02-21,2.8081921296204824,2.324004322872941
2025-02-24,2.7992806608801253,2.3207627754705413
2025-02-25,2.7823540494566052,2.3164612841175334
2025-02-26,2.785129477897313,2.31695643698539
2025-02-27,2.7489513507502994,2.3001236214751257
2025-02-28,2.7661600493108542,2.3067755221665323
2025-03-03,2.755876777576588,2.2964595143567097
2025-03-04,2.747543334332966,2.293826484136442
2025-03-05,2.7657811158810937,2.307271085546226
2025-03-06,2.728505572282646,2.285544474104824
2025-03-07,2.738064732866391,2.2964176855858565
2025-03-10,2.6979899472224598,2.2672253062535046
2025-03-11,2.6927713469507193,2.2676641444083407
2025-03-12,2.700898037747881,2.274758698745735
2025-03-13,2.6854874181827584,2.261905395243059
2025-03-14,2.716319311819384,2.2859539952538337
2025-03-17,2.7331252331040767,2.3027939339093564
2025-03-18,2.723531406926473,2.296412307954996
2025-03-19,2.737757298018874,2.308701255016193
2025-03-20,2.7330812308365053,2.3056771671880045
2025-03-21,2.7264496640107523,2.298092185976022
2025-03-24,2.7499093732947357,2.3127554134765633
2025-03-25,2.7506008742604724,2.3132493250987736
2025-03-26,2.738243705234886,2.3026021683829034
2025-03-27,2.7391541313331493,2.304661204106716
2025-03-28,2.7197263037179082,2.290649466449218
2025-03-31,2.734811145046281,2.30348036392714
2025-04-01,2.7364001498507466,2.306463473805318
2025-04-02,2.741198935467936,2.3170664461613484
2025-04-03,2.7031758226374,2.2587761481189177
2025-04-04,2.6136781469963464,2.1792887264994305
2025-04-07,2.5632710879680887,2.144229701433901
2025-04-08,2.546531906665374,2.1152595512146997
2025-04-09,2.654353773210325,2.224167461998463
2025-04-10,2.637621686828193,2.1864333280311916
2025-04-11,2.6792430816496116,2.2166628227149014
2025-04-14,2.6957250321134114,2.2314895340987895
2025-04-15,2.703304554936662,2.233633803412799
2025-04-16,2.710744755878101,2.2346398839423056
2025-04-17,2.724472117826154,2.2468779320113894
2025-04-21,2.7268745316560863,2.230820831835435
2025-04-22,2.7466905596379587,2.253822556793002
2025-04-23,2.7433081827138612,2.2572231906296585
2025-04-24,2.7639854184749972,2.2838138639656735
2025-04-25,2.7590407267929358,2.2883213438119596
2025-04-28,2.7731115103970865,2.292703998834694
2025-04-29,2.773941444302954,2.289775913419484
2025-04-30,2.7726241237927445,2.277671845259993
2025-05-01,2.7446152585942145,2.2794434576642413
2025-05-02,2.7585951362770973,2.2962554559654342
2025-05-05,2.794747047146543,2.293483283840583
2025-05-06,2.7816227449526507,2.3023593883221216
2025-05-07,2.7853140226144038,2.2939028824985312
2025-05-08,2.739214874520487,2.2992854300989456
2025-05-09,2.7340447839805595,2.307926857095919
2025-05-12,2.700589391409886,2.326156591202364
2025-05-13,2.68315675226824,2.3398942942060117
2025-05-14,2.678237283399778,2.329445980184347
2025-05-15,2.7078635811514986,2.338065566832071
2025-05-16,2.6958226588226015,2.3427148666254474
2025-05-19,2.7053490713462907,2.3492883008338774
2025-05-20,2.715729613304984,2.353652510314044
2025-05-21,2.727490024185077,2.3312097699908194
2025-05-22,2.728357249265077,2.3278989712715563
2025-05-23,2.734200649720216,2.334983675926569
2025-05-27,2.7424627582532666,2.3485862159279756
2025-05-28,2.72522154659044,2.3403078594398656
2025-05-29,2.7438125954352364,2.346514905938671
2025-05-30,2.74290840269175,2.342219303313902
2025-06-02,2.7680733390242045,2.3632243315756214
2025-06-03,2.765062588489302,2.3663721088300047
2025-06-04,2.7777027883054495,2.372962805398003
2025-06-05,2.773770570830293,2.3717339930257886
2025-06-06,2.775297197419535,2.378941300453088
2025-06-09,2.782390157854468,2.3866884293910164
2025-06-10,2.789182993564748,2.392299401698969
2025-06-11,2.791416535791836,2.4046299546457233
2025-06-12,2.803205994145385,2.4144932654570415
2025-06-13,2.7893900520733848,2.418268261053289
2025-06-16,2.7970348358410817,2.4199904758110273
2025-06-17,2.780083007636206,2.423422354953296
2025-06-18,2.7781148306347645,2.4248355605961107
2025-06-20,2.768755830569113,2.424612961548789
2025-06-23,2.7828445739037506,2.417117318169681
2025-06-24,2.8011867402061097,2.418817390609734
2025-06-25,2.8016653630793087,2.4139592877146456
2025-06-26,2.8144659167314585,2.427075458125348
2025-06-27,2.8097375165721896,2.4239035053382505
2025-06-30,2.8206240828688856,2.4335469301787978
2025-07-01,2.8209603067985625,2.4399071475644694
2025-07-02,2.8307110407875067,2.454567104225439
2025-07-03,2.8345616020945816,2.4562078224185173
2025-07-07,2.8188018731475393,2.444935233782737
2025-07-08,2.820626832467607,2.4475356646912183
2025-07-09,2.8292193736425935,2.456467654293399
2025-07-10,2.8306115904849896,2.454570865170667
2025-07-11,2.827872681572307,2.4549650637392215
2025-07-14,2.8285764682898984,2.4520243275318965
2025-07-15,2.825382573525719,2.4393599288115646
2025-07-16,2.8327135106535675,2.4486446949436584
2025-07-17,2.8397757595708577,2.4585630295800325
2025-07-18,2.8380773359995186,2.4582075863568447
2025-07-21,2.8541662142332016,2.466251374727367
2025-07-22,2.8593770676977117,2.4744951371268447
2025-07-23,2.872952573085215,2.4825222053054183
2025-07-24,2.8644931133555414,2.477821422793869
2025-07-25,2.8589417295779884,2.473159460050937
2025-07-28,2.8458825524181086,2.469026830300644
2025-07-29,2.84567951959002,2.482204404300151
2025-07-30,2.830524115264903,2.470775743425158
2025-07-31,2.823032123427792,2.4571939068481687
2025-08-01,2.811569071740873,2.4478780336759685
2025-08-04,2.836095571729493,2.4631247061510066
2025-08-05,2.8320353020250395,2.458508653001016
2025-08-06,2.843350614260705,2.4599995332317195
2025-08-07,2.852973862576202,2.4649441672573724
2025-08-08,2.861009061346449,2.466293287839114
2025-08-11,2.8499227278072166,2.4612442537361927
2025-08-12,2.8671180806257985,2.474443276101197
2025-08-13,2.8766494320037026,2.4859403410369567
2025-08-14,2.866934431625878,2.4798529997111007
2025-08-15,2.8644509376262324,2.477174440761201
2025-08-18,2.8662703718091858,2.4763571382651635
2025-08-19,2.8499040677234997,2.46899133155091
2025-08-20,2.849965327765409,2.475726938788505
2025-08-21,2.842821972312806,2.4720932227750727
2025-08-22,2.873385201195099,2.505458047083982
2025-08-25,2.865627035535811,2.4975473184395223
2025-08-26,2.872087173019447,2.496614227911216
2025-08-27,2.8720163764837805,2.5010461130551835
2025-08-28,2.8825846943288687,2.5097993714854088
2025-08-29,2.8761883886272,2.5049574587251544
2025-09-02,2.8785148143375423,2.505658434996476
2025-09-03,2.889122942660047,2.5066941995866903
2025-09-04,2.8935258523235423,2.512987493647625
2025-09-05,2.9093810675165446,2.5201815685974225
2025-09-08,2.9274081947220107,2.53157734443648
2025-09-09,2.92880132973222,2.5304029583072203
2025-09-10,2.93420368472757,2.5384930133721517
2025-09-11,2.949346026306996,2.5488588515257566
2025-09-12,2.9503017875496687,2.547074469519167
2025-09-15,2.967288384244282,2.5609211231034728
2025-09-16,2.970296458596038,2.568092147660846
2025-09-17,2.9655540920794965,2.5608469348217073
2025-09-18,2.9688966846838314,2.5641099612156535
2025-09-19,2.9747478878887232,2.5590706560345993
2025-09-22,2.9910717949198036,2.566837589050292
2025-09-23,2.989018838644666,2.5739851149478956
2025-09-24,2.977642030510623,2.567109474353447
2025-09-25,2.97081009907842,2.5616790743548314
2025-09-26,2.978979534194199,2.570763056034949
2025-09-29,2.9967672923099813,2.5724423168095827
2025-09-30,3.006896074077594,2.5750963982426662
2025-10-01,3.018727465888013,2.5804115115362958
2025-10-02,3.022354990106975,2.576727330928575
2025-10-03,3.030373670012954,2.5826861078049315
2025-10-06,3.0480224835686425,2.5918539122639856
2025-10-07,3.0392080932940644,2.587249150968139
2025-10-08,3.0598830608271106,2.598091294235469
2025-10-09,3.039442497380824,2.580982879014707
2025-10-10,2.996929383667042,2.5421828998911735
2025-10-13,3.040258952088366,2.57341875038631
2025-10-14,3.038139798245831,2.573056294253274
2025-10-15,3.062400940609033,2.588830159899758
2025-10-16,3.0792320583851343,2.5879250347401093
2025-10-17,3.0735024785456306,2.585816585758683
2025-10-20,3.1116444585215937,2.610033698767664
2025-10-21,3.0664568208258576,2.5910685274484515
2025-10-22,3.060055548704274,2.5963371552787553
2025-10-23,3.0739325793809757,2.614775403545192
2025-10-24,3.0822613261230787,2.623037645588888
2025-10-27,3.086568392251842,2.6283910457656856
2025-10-28,3.086431695393519,2.6173044555120923
2025-10-29,3.086872876880924,2.60856398263023
2025-10-30,3.0812453205738177,2.600905759993228
2025-10-31,3.078457848100431,2.604973607334743
2025-11-03,3.0856392152538543,2.6082697231559973
2025-11-04,3.049781165745246,2.5858720915199296
2025-11-05,3.0676363484641906,2.5908055895179167
2025-11-06,3.051801563765838,2.5816710102785825
2025-11-07,3.053812142870253,2.588166260254551
2025-11-10,3.0952626880843006,2.611594614032231
2025-11-11,3.1005175363938746,2.6233460488509706
2025-11-12,3.112150994365747,2.6147583794716134
2025-11-13,3.084450816020402,2.59096610051625
2025-11-14,3.073886214624917,2.5915124535611325
2025-11-17,3.0497609669374213,2.574812173481638
2025-11-18,3.037561381582106,2.575555758136994
2025-11-19,3.0381281636030515,2.567271191356895
2025-11-20,3.0107247882897967,2.5465959029750875
2025-11-21,3.0219108752496107,2.559304844002426
2025-11-24,3.0498476434772845,2.5819293466454103
2025-11-25,3.0612474194614374,2.5919291480738558
2025-11-26,3.0800258205869087,2.6091647487033103
2025-11-28,3.0937054518974128,2.621966028816426
2025-12-01,3.091555820227355,2.612965244383451
2025-12-02,3.105557408973852,2.610755232800608
2025-12-03,3.1035920370469836,2.621512974967232
2025-12-04,3.095196615312279,2.624406696485637
2025-12-05,3.093633759878962,2.627523282771491
2025-12-08,3.1067375819052296,2.615434964904427
2025-12-09,3.1168950868858376,2.6120508906657753
2025-12-10,3.124514272714591,2.629558867005084
2025-12-11,3.1464299027260965,2.6315899510340306
2025-12-12,3.135664973364002,2.614803121877662
2025-12-15,3.1477236386712555,2.610331134970874
2025-12-16,3.1668300948855923,2.5992258492126306
2025-12-17,3.1268583490755235,2.598481273800968
2025-12-18,3.1548377782617583,2.603913898680338
2025-12-19,3.1599483975277116,2.6152552246814977
2025-12-22,3.156049369680062,2.635058673265622
2025-12-23,3.1646886738994704,2.6453555717699815
2025-12-24,3.1671818347943645,2.6496619705643933
2025-12-26,3.2016883306982735,2.648773124068038
2025-12-29,3.155624019075711,2.63835959188513
2025-12-30,3.1561174713552846,2.6386717532531128
2025-12-31,3.1517950977717275,2.6233713104702385
2026-01-02,3.177428786555987,2.633288544387794
2026-01-05,3.191550421315889,2.6590110560408524
2026-01-06,3.2307925943198375,2.6642134092423815
2026-01-07,3.229745326507834,2.6534906820963666
2026-01-08,3.1906020076301314,2.66627588731912
2026-01-09,3.204561110521294,2.6777659241817995
2026-01-12,3.214966208872721,2.6927234148706045
2026-01-13,3.18129707339068,2.6975484739465587
2026-01-14,3.197254995417677,2.7005508870843222
2026-01-15,3.2184599777499217,2.697281841560799
2026-01-16,3.207615050395001,2.698071684890502
2026-01-20,3.2001585679715743,2.688622151042869
2026-01-21,3.2111694367535026,2.715672996544791
2026-01-22,3.252052606506492,2.720990147689892
2026-01-23,3.2394733999166423,2.7361679633764986
2026-01-26,3.260232775696807,2.743294122533848
2026-01-27,3.270865174808932,2.770889609905395
2026-01-28,3.2803380600260312,2.7793420526926145
2026-01-29,3.2470261316396734,2.7921813349670397
2026-01-30,3.159236074932634,2.7482334184768504
2026-02-02,3.147787135869727,2.7230308648474133
2026-02-03,3.187320842534433,2.7451013126237642
2026-02-04,3.176458192144995,2.7399736377946304
2026-02-05,3.1411751736853653,2.7157835527936096
2026-02-06,3.2047710832703964,2.7558611596869236
2026-02-09,3.2346047113463356,2.7775143064161947
2026-02-10,3.2296686313187215,2.7774498110929855
